,Date,Team,Win,Loss,Tie,Diff,Division,Cum_Win,Cum_Loss,Cum_Tie,Cum_Diff,Season,Standing
0,08-22-2025,A-08,4,0,0,40.0,A,4,0,0,40.0,Fall,1
1,08-22-2025,A-02,4,0,0,39.0,A,4,0,0,39.0,Fall,2
2,08-22-2025,A-01,4,0,0,26.0,A,4,0,0,26.0,Fall,3
3,08-22-2025,A-07,4,0,0,25.0,A,4,0,0,25.0,Fall,4
4,08-22-2025,A-18,4,0,0,24.0,A,4,0,0,24.0,Fall,5
5,08-22-2025,A-11,2,1,1,18.0,A,2,1,1,18.0,Fall,6
6,08-22-2025,A-15,2,1,1,1.0,A,2,1,1,1.0,Fall,7
7,08-22-2025,A-06,2,2,0,3.0,A,2,2,0,3.0,Fall,8
8,08-22-2025,A-10,2,2,0,-10.0,A,2,2,0,-10.0,Fall,9
9,08-22-2025,A-16,2,2,0,-20.0,A,2,2,0,-20.0,Fall,10
10,08-22-2025,A-09,1,3,0,-6.0,A,1,3,0,-6.0,Fall,11
11,08-22-2025,A-05,1,3,0,-11.0,A,1,3,0,-11.0,Fall,12
12,08-22-2025,A-17,1,3,0,-19.0,A,1,3,0,-19.0,Fall,13
13,08-22-2025,A-03,1,3,0,-19.0,A,1,3,0,-19.0,Fall,14
14,08-22-2025,A-14,1,3,0,-28.0,A,1,3,0,-28.0,Fall,15
15,08-22-2025,A-13,0,4,0,-16.0,A,0,4,0,-16.0,Fall,16
16,08-22-2025,A-04,0,4,0,-20.0,A,0,4,0,-20.0,Fall,17
17,08-22-2025,A-12,0,4,0,-27.0,A,0,4,0,-27.0,Fall,18
18,09-05-2025,A-08,3,1,0,7.0,A,7,1,0,47.0,Fall,1
19,09-05-2025,A-02,3,1,0,5.0,A,7,1,0,44.0,Fall,2
20,09-05-2025,A-18,3,1,0,14.0,A,7,1,0,38.0,Fall,3
21,09-05-2025,A-07,3,1,0,13.0,A,7,1,0,38.0,Fall,4
22,09-05-2025,A-01,2,2,0,-2.0,A,6,2,0,24.0,Fall,5
23,09-05-2025,A-11,2,2,0,-2.0,A,4,3,1,16.0,Fall,6
24,09-05-2025,A-15,2,2,0,0.0,A,4,3,1,1.0,Fall,7
25,09-05-2025,A-09,3,1,0,14.0,A,4,4,0,8.0,Fall,8
26,09-05-2025,A-12,4,0,0,19.0,A,4,4,0,-8.0,Fall,9
27,09-05-2025,A-10,2,2,0,-8.0,A,4,4,0,-18.0,Fall,10
28,09-05-2025,A-06,1,3,0,-11.0,A,3,5,0,-8.0,Fall,11
29,09-05-2025,A-17,2,2,0,-4.0,A,3,5,0,-23.0,Fall,12
30,09-05-2025,A-16,1,3,0,-3.0,A,3,5,0,-23.0,Fall,13
31,09-05-2025,A-05,1,3,0,-6.0,A,2,6,0,-17.0,Fall,14
32,09-05-2025,A-13,2,2,0,-2.0,A,2,6,0,-18.0,Fall,15
33,09-05-2025,A-14,1,3,0,-7.0,A,2,6,0,-35.0,Fall,16
34,09-05-2025,A-04,1,3,0,-10.0,A,1,7,0,-30.0,Fall,17
35,09-05-2025,A-03,0,4,0,-17.0,A,1,7,0,-36.0,Fall,18
36,09-12-2025,A-07,4,0,0,33.0,A,11,1,0,71.0,Fall,1
37,09-12-2025,A-18,3,1,0,11.0,A,10,2,0,49.0,Fall,2
38,09-12-2025,A-08,2,1,1,2.0,A,9,2,1,49.0,Fall,3
39,09-12-2025,A-11,4,0,0,16.0,A,8,3,1,32.0,Fall,4
40,09-12-2025,A-01,2,1,1,1.0,A,8,3,1,25.0,Fall,5
41,09-12-2025,A-02,1,3,0,-10.0,A,8,4,0,34.0,Fall,6
42,09-12-2025,A-10,3,1,0,21.0,A,7,5,0,3.0,Fall,7
43,09-12-2025,A-15,2,2,0,-11.0,A,6,5,1,-10.0,Fall,8
44,09-12-2025,A-12,2,2,0,4.0,A,6,6,0,-4.0,Fall,9
45,09-12-2025,A-17,2,2,0,14.0,A,5,7,0,-9.0,Fall,10
46,09-12-2025,A-13,2,1,1,-2.0,A,4,7,1,-20.0,Fall,11
47,09-12-2025,A-06,1,3,0,0.0,A,4,8,0,-8.0,Fall,12
48,09-12-2025,A-09,0,4,0,-20.0,A,4,8,0,-12.0,Fall,13
49,09-12-2025,A-04,3,1,0,0.0,A,4,8,0,-30.0,Fall,14
50,09-12-2025,A-16,0,3,1,-12.0,A,3,8,1,-35.0,Fall,15
51,09-12-2025,A-05,1,3,0,0.0,A,3,9,0,-17.0,Fall,16
52,09-12-2025,A-03,2,2,0,0.0,A,3,9,0,-36.0,Fall,17
53,09-12-2025,A-14,0,4,0,-47.0,A,2,10,0,-82.0,Fall,18
54,09-19-2025,A-18,3,1,0,23.0,A,13,3,0,72.0,Fall,1
55,09-19-2025,A-08,3,1,0,0.0,A,12,3,1,49.0,Fall,2
56,09-19-2025,A-01,3,1,0,3.0,A,11,4,1,28.0,Fall,3
57,09-19-2025,A-07,0,4,0,-23.0,A,11,5,0,48.0,Fall,4
58,09-19-2025,A-10,4,0,0,25.0,A,11,5,0,28.0,Fall,5
59,09-19-2025,A-02,2,1,1,4.0,A,10,5,1,38.0,Fall,6
60,09-19-2025,A-11,2,2,0,-3.0,A,10,5,1,29.0,Fall,7
61,09-19-2025,A-12,3,1,0,2.0,A,9,7,0,-2.0,Fall,8
62,09-19-2025,A-15,2,2,0,9.0,A,8,7,1,-1.0,Fall,9
63,09-19-2025,A-05,4,0,0,26.0,A,7,9,0,9.0,Fall,10
64,09-19-2025,A-17,2,2,0,4.0,A,7,9,0,-5.0,Fall,11
65,09-19-2025,A-09,2,1,1,16.0,A,6,9,1,4.0,Fall,12
66,09-19-2025,A-04,2,2,0,-5.0,A,6,10,0,-35.0,Fall,13
67,09-19-2025,A-13,1,3,0,-20.0,A,5,10,1,-40.0,Fall,14
68,09-19-2025,A-06,1,3,0,0.0,A,5,11,0,-8.0,Fall,15
69,09-19-2025,A-16,1,3,0,-11.0,A,4,11,1,-46.0,Fall,16
70,09-19-2025,A-03,0,4,0,-30.0,A,3,13,0,-66.0,Fall,17
71,09-19-2025,A-14,0,4,0,-20.0,A,2,14,0,-102.0,Fall,18
72,09-26-2025,A-18,3,1,0,8.0,A,16,4,0,80.0,Fall,1
73,09-26-2025,A-08,2,2,0,14.0,A,14,5,1,63.0,Fall,2
74,09-26-2025,A-10,3,1,0,4.0,A,14,6,0,32.0,Fall,3
75,09-26-2025,A-02,3,1,0,15.0,A,13,6,1,53.0,Fall,4
76,09-26-2025,A-11,3,1,0,24.0,A,13,6,1,53.0,Fall,5
77,09-26-2025,A-01,2,2,0,2.0,A,13,6,1,30.0,Fall,6
78,09-26-2025,A-15,4,0,0,18.0,A,12,7,1,17.0,Fall,7
79,09-26-2025,A-07,0,4,0,-20.0,A,11,9,0,28.0,Fall,8
80,09-26-2025,A-12,2,2,0,7.0,A,11,9,0,5.0,Fall,9
81,09-26-2025,A-05,2,2,0,0.0,A,9,11,0,9.0,Fall,10
82,09-26-2025,A-16,4,0,0,40.0,A,8,11,1,-6.0,Fall,11
83,09-26-2025,A-09,2,2,0,-13.0,A,8,11,1,-9.0,Fall,12
84,09-26-2025,A-17,1,3,0,-22.0,A,8,12,0,-27.0,Fall,13
85,09-26-2025,A-13,2,2,0,4.0,A,7,12,1,-36.0,Fall,14
86,09-26-2025,A-04,1,3,0,-24.0,A,7,13,0,-59.0,Fall,15
87,09-26-2025,A-06,1,3,0,-18.0,A,6,14,0,-26.0,Fall,16
88,09-26-2025,A-03,1,3,0,-12.0,A,4,16,0,-78.0,Fall,17
89,09-26-2025,A-14,0,4,0,-27.0,A,2,18,0,-129.0,Fall,18
90,10-10-2025,A-18,4,0,0,30.0,A,20,4,0,110.0,Fall,1
91,10-10-2025,A-02,4,0,0,32.0,A,17,6,1,85.0,Fall,2
92,10-10-2025,A-01,4,0,0,31.0,A,17,6,1,61.0,Fall,3
93,10-10-2025,A-10,2,2,0,1.0,A,16,8,0,33.0,Fall,4
94,10-10-2025,A-08,1,3,0,3.0,A,15,8,1,66.0,Fall,5
95,10-10-2025,A-11,2,2,0,1.0,A,15,8,1,54.0,Fall,6
96,10-10-2025,A-15,3,1,0,21.0,A,15,8,1,38.0,Fall,7
97,10-10-2025,A-07,2,2,0,-4.0,A,13,11,0,24.0,Fall,8
98,10-10-2025,A-12,2,2,0,3.0,A,13,11,0,8.0,Fall,9
99,10-10-2025,A-16,3,1,0,23.0,A,11,12,1,17.0,Fall,10
100,10-10-2025,A-09,2,2,0,13.0,A,10,13,1,4.0,Fall,11
101,10-10-2025,A-13,2,2,0,1.0,A,9,14,1,-35.0,Fall,12
102,10-10-2025,A-05,0,4,0,-44.0,A,9,15,0,-35.0,Fall,13
103,10-10-2025,A-17,1,3,0,-23.0,A,9,15,0,-50.0,Fall,14
104,10-10-2025,A-06,2,2,0,0.0,A,8,16,0,-26.0,Fall,15
105,10-10-2025,A-04,1,3,0,-22.0,A,8,16,0,-81.0,Fall,16
106,10-10-2025,A-03,1,3,0,-35.0,A,5,19,0,-113.0,Fall,17
107,10-10-2025,A-14,0,4,0,-31.0,A,2,22,0,-160.0,Fall,18
108,10-17-2025,A-18,3,1,0,39.0,A,23,5,0,149.0,Fall,1
109,10-17-2025,A-01,2,1,1,14.0,A,19,7,2,75.0,Fall,2
110,10-17-2025,A-10,3,1,0,21.0,A,19,9,0,54.0,Fall,3
111,10-17-2025,A-08,3,0,1,26.0,A,18,8,2,92.0,Fall,4
112,10-17-2025,A-11,3,1,0,3.0,A,18,9,1,57.0,Fall,5
113,10-17-2025,A-02,1,3,0,-33.0,A,18,9,1,52.0,Fall,6
114,10-17-2025,A-15,1,3,0,-4.0,A,16,11,1,34.0,Fall,7
115,10-17-2025,A-12,3,1,0,3.0,A,16,12,0,11.0,Fall,8
116,10-17-2025,A-16,4,0,0,18.0,A,15,12,1,35.0,Fall,9
117,10-17-2025,A-07,2,2,0,5.0,A,15,13,0,29.0,Fall,10
118,10-17-2025,A-09,2,2,0,-4.0,A,12,15,1,0.0,Fall,11
119,10-17-2025,A-13,3,1,0,17.0,A,12,15,1,-18.0,Fall,12
120,10-17-2025,A-06,3,1,0,8.0,A,11,17,0,-18.0,Fall,13
121,10-17-2025,A-04,2,2,0,-6.0,A,10,18,0,-87.0,Fall,14
122,10-17-2025,A-05,0,4,0,-23.0,A,9,19,0,-58.0,Fall,15
123,10-17-2025,A-17,0,4,0,-40.0,A,9,19,0,-90.0,Fall,16
124,10-17-2025,A-03,0,4,0,-24.0,A,5,23,0,-137.0,Fall,17
125,10-17-2025,A-14,0,4,0,-20.0,A,2,26,0,-180.0,Fall,18
126,10-24-2025,A-18,4,0,0,33.0,A,27,5,0,182.0,Fall,1
127,10-24-2025,A-01,4,0,0,17.0,A,23,7,2,92.0,Fall,2
128,10-24-2025,A-02,3,1,0,17.0,A,21,10,1,69.0,Fall,3
129,10-24-2025,A-11,3,1,0,4.0,A,21,10,1,61.0,Fall,4
130,10-24-2025,A-10,2,2,0,0.0,A,21,11,0,54.0,Fall,5
131,10-24-2025,A-08,1,2,1,-4.0,A,19,10,3,88.0,Fall,6
132,10-24-2025,A-15,3,1,0,21.0,A,19,12,1,55.0,Fall,7
133,10-24-2025,A-12,2,2,0,0.0,A,18,14,0,11.0,Fall,8
134,10-24-2025,A-16,1,2,1,-4.0,A,16,14,2,31.0,Fall,9
135,10-24-2025,A-07,1,2,1,0.0,A,16,15,1,29.0,Fall,10
136,10-24-2025,A-13,2,1,1,4.0,A,14,16,2,-14.0,Fall,11
137,10-24-2025,A-09,0,4,0,-27.0,A,12,19,1,-27.0,Fall,12
138,10-24-2025,A-06,1,3,0,-11.0,A,12,20,0,-29.0,Fall,13
139,10-24-2025,A-05,3,1,0,11.0,A,12,20,0,-47.0,Fall,14
140,10-24-2025,A-17,2,2,0,-6.0,A,11,21,0,-96.0,Fall,15
141,10-24-2025,A-04,0,4,0,-17.0,A,10,22,0,-104.0,Fall,16
142,10-24-2025,A-03,0,4,0,-32.0,A,5,27,0,-169.0,Fall,17
143,10-24-2025,A-14,2,2,0,-6.0,A,4,28,0,-186.0,Fall,18
144,11-07-2025,A-18,2,2,0,10.0,A,29,7,0,192.0,Fall,1
145,11-07-2025,A-02,4,0,0,32.0,A,25,10,1,101.0,Fall,2
146,11-07-2025,A-11,4,0,0,25.0,A,25,10,1,86.0,Fall,3
147,11-07-2025,A-08,4,0,0,47.0,A,23,10,3,135.0,Fall,4
148,11-07-2025,A-01,0,4,0,-38.0,A,23,11,2,54.0,Fall,5
149,11-07-2025,A-10,1,3,0,-12.0,A,22,14,0,42.0,Fall,6
150,11-07-2025,A-15,2,2,0,-2.0,A,21,14,1,53.0,Fall,7
151,11-07-2025,A-16,4,0,0,25.0,A,20,14,2,56.0,Fall,8
152,11-07-2025,A-12,2,2,0,-1.0,A,20,16,0,10.0,Fall,9
153,11-07-2025,A-07,2,2,0,6.0,A,18,17,1,35.0,Fall,10
154,11-07-2025,A-13,2,2,0,-4.0,A,16,18,2,-18.0,Fall,11
155,11-07-2025,A-05,4,0,0,30.0,A,16,20,0,-17.0,Fall,12
156,11-07-2025,A-09,1,3,0,-35.0,A,13,22,1,-62.0,Fall,13
157,11-07-2025,A-17,2,2,0,-8.0,A,13,23,0,-104.0,Fall,14
158,11-07-2025,A-06,0,4,0,-29.0,A,12,24,0,-58.0,Fall,15
159,11-07-2025,A-04,0,4,0,-21.0,A,10,26,0,-125.0,Fall,16
160,11-07-2025,A-03,2,2,0,28.0,A,7,29,0,-141.0,Fall,17
161,11-07-2025,A-14,0,4,0,-53.0,A,4,32,0,-239.0,Fall,18
162,11-14-2025,A-18,2,2,0,8.0,A,31,9,0,200.0,Fall,1
163,11-14-2025,A-11,4,0,0,28.0,A,29,10,1,114.0,Fall,2
164,11-14-2025,A-08,3,1,0,6.0,A,26,11,3,141.0,Fall,3
165,11-14-2025,A-01,3,1,0,10.0,A,26,12,2,64.0,Fall,4
166,11-14-2025,A-02,0,4,0,-66.0,A,25,14,1,35.0,Fall,5
167,11-14-2025,A-15,1,3,0,-18.0,A,22,17,1,35.0,Fall,6
168,11-14-2025,A-10,0,3,1,-9.0,A,22,17,1,33.0,Fall,7
169,11-14-2025,A-16,1,3,0,-6.0,A,21,17,2,50.0,Fall,8
170,11-14-2025,A-12,1,3,0,-7.0,A,21,19,0,3.0,Fall,9
171,11-14-2025,A-07,1,3,0,-10.0,A,19,20,1,25.0,Fall,10
172,11-14-2025,A-05,3,1,0,10.0,A,19,21,0,-7.0,Fall,11
173,11-14-2025,A-13,2,2,0,-4.0,A,18,20,2,-22.0,Fall,12
174,11-14-2025,A-09,3,1,0,17.0,A,16,23,1,-45.0,Fall,13
175,11-14-2025,A-17,2,1,1,-1.0,A,15,24,1,-105.0,Fall,14
176,11-14-2025,A-06,3,1,0,49.0,A,15,25,0,-9.0,Fall,15
177,11-14-2025,A-04,2,2,0,1.0,A,12,28,0,-124.0,Fall,16
178,11-14-2025,A-03,4,0,0,22.0,A,11,29,0,-119.0,Fall,17
179,11-14-2025,A-14,0,4,0,-30.0,A,4,36,0,-269.0,Fall,18
180,11-21-2025,A-18,3,1,0,20.0,A,34,10,0,220.0,Fall,1
181,11-21-2025,A-11,3,1,0,-4.0,A,32,11,1,110.0,Fall,2
182,11-21-2025,A-01,4,0,0,38.0,A,30,12,2,102.0,Fall,3
183,11-21-2025,A-08,3,1,0,0.0,A,29,12,3,141.0,Fall,4
184,11-21-2025,A-02,2,2,0,19.0,A,27,16,1,54.0,Fall,5
185,11-21-2025,A-16,2,2,0,0.0,A,23,19,2,50.0,Fall,6
186,11-21-2025,A-15,1,3,0,-39.0,A,23,20,1,-4.0,Fall,7
187,11-21-2025,A-10,0,0,4,0.0,A,22,17,5,33.0,Fall,8
188,11-21-2025,A-12,0,0,4,0.0,A,21,19,4,3.0,Fall,9
189,11-21-2025,A-05,0,0,4,0.0,A,19,21,4,-7.0,Fall,10
190,11-21-2025,A-07,0,2,2,-50.0,A,19,22,3,-25.0,Fall,11
191,11-21-2025,A-13,0,4,0,0.0,A,18,24,2,-22.0,Fall,12
192,11-21-2025,A-17,3,1,0,0.0,A,18,25,1,-105.0,Fall,13
193,11-21-2025,A-09,1,3,0,4.0,A,17,26,1,-41.0,Fall,14
194,11-21-2025,A-04,4,0,0,100.0,A,16,28,0,-24.0,Fall,15
195,11-21-2025,A-06,1,3,0,-26.0,A,16,28,0,-35.0,Fall,16
196,11-21-2025,A-03,0,2,2,-50.0,A,11,31,2,-169.0,Fall,17
197,11-21-2025,A-14,1,3,0,-12.0,A,5,39,0,-281.0,Fall,18
198,08-22-2025,C-08 The Quack Pack,4,0,0,43.0,C,4,0,0,43.0,Fall,1
199,08-22-2025,C-12 Blocktopusses,4,0,0,31.0,C,4,0,0,31.0,Fall,2
200,08-22-2025,C-01 Hitty Kitties,4,0,0,12.0,C,4,0,0,12.0,Fall,3
201,08-22-2025,C-17 Fowl Play,3,1,0,24.0,C,3,1,0,24.0,Fall,4
202,08-22-2025,C-03 Balls to the Narwhals,3,1,0,9.0,C,3,1,0,9.0,Fall,5
203,08-22-2025,C-14 Hot Cheetahs,3,1,0,9.0,C,3,1,0,9.0,Fall,6
204,08-22-2025,C-07 Otter Chaos,2,1,1,11.0,C,2,1,1,11.0,Fall,7
205,08-22-2025,C-05 Bumpin Bunnies,2,2,0,10.0,C,2,2,0,10.0,Fall,8
206,08-22-2025,C-18 Digletts,2,2,0,1.0,C,2,2,0,1.0,Fall,9
207,08-22-2025,C-11 Las Vulturistas,2,2,0,-1.0,C,2,2,0,-1.0,Fall,10
208,08-22-2025,C-13 Doggy Style,2,2,0,-2.0,C,2,2,0,-2.0,Fall,11
209,08-22-2025,C-16 No Fox Given,1,2,1,-20.0,C,1,2,1,-20.0,Fall,12
210,08-22-2025,C-02 Glory H Gorillas,1,3,0,-19.0,C,1,3,0,-19.0,Fall,13
211,08-22-2025,"C-15 Dig, Dig, Goose",1,3,0,-23.0,C,1,3,0,-23.0,Fall,14
212,08-22-2025,C-09 Strikalotls,0,3,1,-20.0,C,0,3,1,-20.0,Fall,15
213,08-22-2025,C-04 Panda-Monium,0,3,1,-23.0,C,0,3,1,-23.0,Fall,16
214,08-22-2025,C-10 Duck Around and Find Out,0,4,0,-10.0,C,0,4,0,-10.0,Fall,17
215,08-22-2025,C-06 The GOATs,0,4,0,-32.0,C,0,4,0,-32.0,Fall,18
216,09-05-2025,C-08 The Quack Pack,3,1,0,17.0,C,7,1,0,60.0,Fall,1
217,09-05-2025,C-12 Blocktopusses,3,1,0,25.0,C,7,1,0,56.0,Fall,2
218,09-05-2025,C-07 Otter Chaos,4,0,0,20.0,C,6,1,1,31.0,Fall,3
219,09-05-2025,C-17 Fowl Play,3,1,0,12.0,C,6,2,0,36.0,Fall,4
220,09-05-2025,C-18 Digletts,4,0,0,27.0,C,6,2,0,28.0,Fall,5
221,09-05-2025,C-03 Balls to the Narwhals,3,1,0,14.0,C,6,2,0,23.0,Fall,6
222,09-05-2025,C-05 Bumpin Bunnies,2,2,0,-6.0,C,4,4,0,4.0,Fall,7
223,09-05-2025,C-14 Hot Cheetahs,1,3,0,-14.0,C,4,4,0,-5.0,Fall,8
224,09-05-2025,C-11 Las Vulturistas,2,2,0,-4.0,C,4,4,0,-5.0,Fall,9
225,09-05-2025,C-02 Glory H Gorillas,3,1,0,12.0,C,4,4,0,-7.0,Fall,10
226,09-05-2025,C-01 Hitty Kitties,0,4,0,-39.0,C,4,4,0,-27.0,Fall,11
227,09-05-2025,C-13 Doggy Style,1,3,0,-13.0,C,3,5,0,-15.0,Fall,12
228,09-05-2025,"C-15 Dig, Dig, Goose",2,2,0,-3.0,C,3,5,0,-26.0,Fall,13
229,09-05-2025,C-09 Strikalotls,2,2,0,-6.0,C,2,5,1,-26.0,Fall,14
230,09-05-2025,C-16 No Fox Given,1,3,0,-8.0,C,2,5,1,-28.0,Fall,15
231,09-05-2025,C-04 Panda-Monium,1,3,0,-6.0,C,1,6,1,-29.0,Fall,16
232,09-05-2025,C-06 The GOATs,1,3,0,-7.0,C,1,7,0,-39.0,Fall,17
233,09-05-2025,C-10 Duck Around and Find Out,0,4,0,-21.0,C,0,8,0,-31.0,Fall,18
234,09-12-2025,C-12 Blocktopusses,3,1,0,17.0,C,10,2,0,73.0,Fall,1
235,09-12-2025,C-08 The Quack Pack,3,1,0,9.0,C,10,2,0,69.0,Fall,2
236,09-12-2025,C-07 Otter Chaos,3,1,0,14.0,C,9,2,1,45.0,Fall,3
237,09-12-2025,C-17 Fowl Play,2,2,0,-7.0,C,8,4,0,29.0,Fall,4
238,09-12-2025,C-02 Glory H Gorillas,4,0,0,28.0,C,8,4,0,21.0,Fall,5
239,09-12-2025,C-03 Balls to the Narwhals,2,2,0,-7.0,C,8,4,0,16.0,Fall,6
240,09-12-2025,C-18 Digletts,1,3,0,-19.0,C,7,5,0,9.0,Fall,7
241,09-12-2025,C-01 Hitty Kitties,3,1,0,17.0,C,7,5,0,-10.0,Fall,8
242,09-12-2025,C-11 Las Vulturistas,2,2,0,3.0,C,6,6,0,-2.0,Fall,9
243,09-12-2025,C-13 Doggy Style,2,2,0,9.0,C,5,7,0,-6.0,Fall,10
244,09-12-2025,C-14 Hot Cheetahs,1,3,0,-7.0,C,5,7,0,-12.0,Fall,11
245,09-12-2025,C-05 Bumpin Bunnies,1,3,0,-18.0,C,5,7,0,-14.0,Fall,12
246,09-12-2025,C-16 No Fox Given,2,2,0,2.0,C,4,7,1,-26.0,Fall,13
247,09-12-2025,C-04 Panda-Monium,2,2,0,18.0,C,3,8,1,-11.0,Fall,14
248,09-12-2025,C-09 Strikalotls,1,3,0,-20.0,C,3,8,1,-46.0,Fall,15
249,09-12-2025,C-06 The GOATs,2,2,0,-11.0,C,3,9,0,-50.0,Fall,16
250,09-12-2025,"C-15 Dig, Dig, Goose",0,4,0,-29.0,C,3,9,0,-55.0,Fall,17
251,09-12-2025,C-10 Duck Around and Find Out,2,2,0,1.0,C,2,10,0,-30.0,Fall,18
252,09-19-2025,C-12 Blocktopusses,4,0,0,34.0,C,14,2,0,107.0,Fall,1
253,09-19-2025,C-08 The Quack Pack,4,0,0,11.0,C,14,2,0,80.0,Fall,2
254,09-19-2025,C-02 Glory H Gorillas,2,2,0,-7.0,C,10,6,0,14.0,Fall,3
255,09-19-2025,C-11 Las Vulturistas,4,0,0,16.0,C,10,6,0,14.0,Fall,4
256,09-19-2025,C-03 Balls to the Narwhals,2,2,0,-4.0,C,10,6,0,12.0,Fall,5
257,09-19-2025,C-07 Otter Chaos,0,4,0,-16.0,C,9,6,1,29.0,Fall,6
258,09-19-2025,C-18 Digletts,2,2,0,5.0,C,9,7,0,14.0,Fall,7
259,09-19-2025,C-14 Hot Cheetahs,4,0,0,23.0,C,9,7,0,11.0,Fall,8
260,09-19-2025,C-17 Fowl Play,1,3,0,-19.0,C,9,7,0,10.0,Fall,9
261,09-19-2025,C-05 Bumpin Bunnies,3,1,0,23.0,C,8,8,0,9.0,Fall,10
262,09-19-2025,C-13 Doggy Style,3,1,0,14.0,C,8,8,0,8.0,Fall,11
263,09-19-2025,C-01 Hitty Kitties,1,3,0,-1.0,C,8,8,0,-11.0,Fall,12
264,09-19-2025,C-04 Panda-Monium,2,2,0,2.0,C,5,10,1,-9.0,Fall,13
265,09-19-2025,C-16 No Fox Given,1,3,0,-17.0,C,5,10,1,-43.0,Fall,14
266,09-19-2025,C-09 Strikalotls,1,3,0,-7.0,C,4,11,1,-53.0,Fall,15
267,09-19-2025,C-06 The GOATs,1,3,0,-15.0,C,4,12,0,-65.0,Fall,16
268,09-19-2025,"C-15 Dig, Dig, Goose",1,3,0,-17.0,C,4,12,0,-72.0,Fall,17
269,09-19-2025,C-10 Duck Around and Find Out,0,4,0,-25.0,C,2,14,0,-55.0,Fall,18
270,09-26-2025,C-08 The Quack Pack,4,0,0,46.0,C,18,2,0,126.0,Fall,1
271,09-26-2025,C-12 Blocktopusses,3,1,0,22.0,C,17,3,0,129.0,Fall,2
272,09-26-2025,C-07 Otter Chaos,4,0,0,34.0,C,13,6,1,63.0,Fall,3
273,09-26-2025,C-18 Digletts,2,2,0,17.0,C,11,9,0,31.0,Fall,4
274,09-26-2025,C-14 Hot Cheetahs,2,2,0,18.0,C,11,9,0,29.0,Fall,5
275,09-26-2025,C-13 Doggy Style,3,1,0,4.0,C,11,9,0,12.0,Fall,6
276,09-26-2025,C-17 Fowl Play,2,2,0,-2.0,C,11,9,0,8.0,Fall,7
277,09-26-2025,C-02 Glory H Gorillas,1,3,0,-20.0,C,11,9,0,-6.0,Fall,8
278,09-26-2025,C-03 Balls to the Narwhals,1,3,0,-21.0,C,11,9,0,-9.0,Fall,9
279,09-26-2025,C-05 Bumpin Bunnies,2,2,0,-2.0,C,10,10,0,7.0,Fall,10
280,09-26-2025,C-11 Las Vulturistas,0,4,0,-24.0,C,10,10,0,-10.0,Fall,11
281,09-26-2025,C-01 Hitty Kitties,2,2,0,-4.0,C,10,10,0,-15.0,Fall,12
282,09-26-2025,C-04 Panda-Monium,4,0,0,26.0,C,9,10,1,17.0,Fall,13
283,09-26-2025,C-16 No Fox Given,3,1,0,-3.0,C,8,11,1,-46.0,Fall,14
284,09-26-2025,C-06 The GOATs,2,2,0,-4.0,C,6,14,0,-69.0,Fall,15
285,09-26-2025,C-09 Strikalotls,1,3,0,-15.0,C,5,14,1,-68.0,Fall,16
286,09-26-2025,"C-15 Dig, Dig, Goose",0,4,0,-30.0,C,4,16,0,-102.0,Fall,17
287,09-26-2025,C-10 Duck Around and Find Out,0,4,0,-42.0,C,2,18,0,-97.0,Fall,18
288,10-10-2025,C-08 The Quack Pack,4,0,0,45.0,C,22,2,0,171.0,Fall,1
289,10-10-2025,C-12 Blocktopusses,3,1,0,10.0,C,20,4,0,139.0,Fall,2
290,10-10-2025,C-07 Otter Chaos,2,2,0,15.0,C,15,8,1,78.0,Fall,3
291,10-10-2025,C-14 Hot Cheetahs,3,1,0,18.0,C,14,10,0,47.0,Fall,4
292,10-10-2025,C-05 Bumpin Bunnies,4,0,0,27.0,C,14,10,0,34.0,Fall,5
293,10-10-2025,C-17 Fowl Play,3,1,0,18.0,C,14,10,0,26.0,Fall,6
294,10-10-2025,C-11 Las Vulturistas,3,1,0,15.0,C,13,11,0,5.0,Fall,7
295,10-10-2025,C-02 Glory H Gorillas,2,2,0,0.0,C,13,11,0,-6.0,Fall,8
296,10-10-2025,C-04 Panda-Monium,3,0,1,15.0,C,12,10,2,32.0,Fall,9
297,10-10-2025,C-13 Doggy Style,1,2,1,-16.0,C,12,11,1,-4.0,Fall,10
298,10-10-2025,C-01 Hitty Kitties,2,2,0,7.0,C,12,12,0,-8.0,Fall,11
299,10-10-2025,C-18 Digletts,0,4,0,-33.0,C,11,13,0,-2.0,Fall,12
300,10-10-2025,C-03 Balls to the Narwhals,0,4,0,-45.0,C,11,13,0,-54.0,Fall,13
301,10-10-2025,C-16 No Fox Given,1,3,0,-6.0,C,9,14,1,-52.0,Fall,14
302,10-10-2025,C-06 The GOATs,2,2,0,-12.0,C,8,16,0,-81.0,Fall,15
303,10-10-2025,C-09 Strikalotls,0,4,0,-34.0,C,5,18,1,-102.0,Fall,16
304,10-10-2025,"C-15 Dig, Dig, Goose",1,3,0,1.0,C,5,19,0,-101.0,Fall,17
305,10-10-2025,C-10 Duck Around and Find Out,1,3,0,-25.0,C,3,21,0,-122.0,Fall,18
306,10-17-2025,C-08 The Quack Pack,4,0,0,27.0,C,26,2,0,198.0,Fall,1
307,10-17-2025,C-12 Blocktopusses,2,2,0,-9.0,C,22,6,0,130.0,Fall,2
308,10-17-2025,C-07 Otter Chaos,3,1,0,-6.0,C,18,9,1,72.0,Fall,3
309,10-17-2025,C-05 Bumpin Bunnies,3,1,0,26.0,C,17,11,0,60.0,Fall,4
310,10-17-2025,C-14 Hot Cheetahs,2,2,0,5.0,C,16,12,0,52.0,Fall,5
311,10-17-2025,C-11 Las Vulturistas,3,1,0,15.0,C,16,12,0,20.0,Fall,6
312,10-17-2025,C-04 Panda-Monium,3,1,0,-2.0,C,15,11,2,30.0,Fall,7
313,10-17-2025,C-13 Doggy Style,2,2,0,4.0,C,14,13,1,0.0,Fall,8
314,10-17-2025,C-17 Fowl Play,0,4,0,-19.0,C,14,14,0,7.0,Fall,9
315,10-17-2025,C-01 Hitty Kitties,2,2,0,-8.0,C,14,14,0,-16.0,Fall,10
316,10-17-2025,C-02 Glory H Gorillas,1,3,0,-12.0,C,14,14,0,-18.0,Fall,11
317,10-17-2025,C-03 Balls to the Narwhals,3,1,0,5.0,C,14,14,0,-49.0,Fall,12
318,10-17-2025,C-18 Digletts,2,2,0,14.0,C,13,15,0,12.0,Fall,13
319,10-17-2025,C-06 The GOATs,2,2,0,6.0,C,10,18,0,-75.0,Fall,14
320,10-17-2025,C-16 No Fox Given,0,4,0,-20.0,C,9,18,1,-72.0,Fall,15
321,10-17-2025,C-09 Strikalotls,2,2,0,1.0,C,7,20,1,-101.0,Fall,16
322,10-17-2025,"C-15 Dig, Dig, Goose",2,2,0,-7.0,C,7,21,0,-108.0,Fall,17
323,10-17-2025,C-10 Duck Around and Find Out,0,4,0,-20.0,C,3,25,0,-142.0,Fall,18
324,10-24-2025,C-08 The Quack Pack,4,0,0,34.0,C,30,2,0,232.0,Fall,1
325,10-24-2025,C-12 Blocktopusses,1,3,0,-11.0,C,23,9,0,119.0,Fall,2
326,10-24-2025,C-05 Bumpin Bunnies,4,0,0,39.0,C,21,11,0,99.0,Fall,3
327,10-24-2025,C-07 Otter Chaos,1,3,0,-15.0,C,19,12,1,57.0,Fall,4
328,10-24-2025,C-13 Doggy Style,4,0,0,41.0,C,18,13,1,41.0,Fall,5
329,10-24-2025,C-14 Hot Cheetahs,2,2,0,6.0,C,18,14,0,58.0,Fall,6
330,10-24-2025,C-04 Panda-Monium,2,2,0,0.0,C,17,13,2,30.0,Fall,7
331,10-24-2025,C-11 Las Vulturistas,1,3,0,-19.0,C,17,15,0,1.0,Fall,8
332,10-24-2025,C-01 Hitty Kitties,3,1,0,11.0,C,17,15,0,-5.0,Fall,9
333,10-24-2025,C-18 Digletts,3,1,0,10.0,C,16,16,0,22.0,Fall,10
334,10-24-2025,C-02 Glory H Gorillas,1,2,1,-12.0,C,15,16,1,-30.0,Fall,11
335,10-24-2025,C-17 Fowl Play,1,3,0,-5.0,C,15,17,0,2.0,Fall,12
336,10-24-2025,C-03 Balls to the Narwhals,1,3,0,-4.0,C,15,17,0,-53.0,Fall,13
337,10-24-2025,C-06 The GOATs,2,1,1,6.0,C,12,19,1,-69.0,Fall,14
338,10-24-2025,C-16 No Fox Given,1,3,0,-19.0,C,10,21,1,-91.0,Fall,15
339,10-24-2025,C-09 Strikalotls,2,2,0,-5.0,C,9,22,1,-106.0,Fall,16
340,10-24-2025,"C-15 Dig, Dig, Goose",1,3,0,-35.0,C,8,24,0,-143.0,Fall,17
341,10-24-2025,C-10 Duck Around and Find Out,1,3,0,-22.0,C,4,28,0,-164.0,Fall,18
342,11-07-2025,C-08 The Quack Pack,3,1,0,14.0,C,33,3,0,246.0,Fall,1
343,11-07-2025,C-12 Blocktopusses,3,1,0,2.0,C,26,10,0,121.0,Fall,2
344,11-07-2025,C-05 Bumpin Bunnies,3,1,0,21.0,C,24,12,0,120.0,Fall,3
345,11-07-2025,C-07 Otter Chaos,3,1,0,22.0,C,22,13,1,79.0,Fall,4
346,11-07-2025,C-14 Hot Cheetahs,3,1,0,15.0,C,21,15,0,73.0,Fall,5
347,11-07-2025,C-04 Panda-Monium,3,1,0,9.0,C,20,14,2,39.0,Fall,6
348,11-07-2025,C-13 Doggy Style,2,2,0,9.0,C,20,15,1,50.0,Fall,7
349,11-07-2025,C-18 Digletts,4,0,0,30.0,C,20,16,0,52.0,Fall,8
350,11-07-2025,C-02 Glory H Gorillas,3,1,0,14.0,C,18,17,1,-16.0,Fall,9
351,11-07-2025,C-11 Las Vulturistas,1,3,0,-18.0,C,18,18,0,-17.0,Fall,10
352,11-07-2025,C-01 Hitty Kitties,0,4,0,-36.0,C,17,19,0,-41.0,Fall,11
353,11-07-2025,C-17 Fowl Play,1,3,0,-9.0,C,16,20,0,-7.0,Fall,12
354,11-07-2025,C-03 Balls to the Narwhals,1,3,0,-11.0,C,16,20,0,-64.0,Fall,13
355,11-07-2025,C-06 The GOATs,0,4,0,-23.0,C,12,23,1,-92.0,Fall,14
356,11-07-2025,C-16 No Fox Given,2,2,0,-4.0,C,12,23,1,-95.0,Fall,15
357,11-07-2025,C-09 Strikalotls,1,3,0,-12.0,C,10,25,1,-118.0,Fall,16
358,11-07-2025,"C-15 Dig, Dig, Goose",1,3,0,-21.0,C,9,27,0,-164.0,Fall,17
359,11-07-2025,C-10 Duck Around and Find Out,2,2,0,-2.0,C,6,30,0,-166.0,Fall,18
360,11-14-2025,C-08 The Quack Pack,3,0,1,15.0,C,36,3,1,261.0,Fall,1
361,11-14-2025,C-12 Blocktopusses,2,1,1,4.0,C,28,11,1,125.0,Fall,2
362,11-14-2025,C-05 Bumpin Bunnies,4,0,0,31.0,C,28,12,0,151.0,Fall,3
363,11-14-2025,C-07 Otter Chaos,3,1,0,24.0,C,25,14,1,103.0,Fall,4
364,11-14-2025,C-14 Hot Cheetahs,3,1,0,23.0,C,24,16,0,96.0,Fall,5
365,11-14-2025,C-18 Digletts,3,1,0,19.0,C,23,17,0,71.0,Fall,6
366,11-14-2025,C-13 Doggy Style,2,2,0,0.0,C,22,17,1,50.0,Fall,7
367,11-14-2025,C-01 Hitty Kitties,4,0,0,24.0,C,21,19,0,-17.0,Fall,8
368,11-14-2025,C-04 Panda-Monium,0,4,0,-19.0,C,20,18,2,20.0,Fall,9
369,11-14-2025,C-02 Glory H Gorillas,1,3,0,-4.0,C,19,20,1,-20.0,Fall,10
370,11-14-2025,C-11 Las Vulturistas,1,3,0,-13.0,C,19,21,0,-30.0,Fall,11
371,11-14-2025,C-17 Fowl Play,1,3,0,-13.0,C,17,23,0,-20.0,Fall,12
372,11-14-2025,C-03 Balls to the Narwhals,0,4,0,-42.0,C,16,24,0,-106.0,Fall,13
373,11-14-2025,C-09 Strikalotls,4,0,0,19.0,C,14,25,1,-99.0,Fall,14
374,11-14-2025,C-06 The GOATs,1,3,0,-15.0,C,13,26,1,-107.0,Fall,15
375,11-14-2025,C-16 No Fox Given,0,4,0,-31.0,C,12,27,1,-126.0,Fall,16
376,11-14-2025,"C-15 Dig, Dig, Goose",2,2,0,-11.0,C,11,29,0,-175.0,Fall,17
377,11-14-2025,C-10 Duck Around and Find Out,1,3,0,-11.0,C,7,33,0,-177.0,Fall,18
378,11-21-2025,C-08 The Quack Pack,4,0,0,38.0,C,40,3,1,299.0,Fall,1
379,11-21-2025,C-12 Blocktopusses,3,1,0,22.0,C,31,12,1,147.0,Fall,2
380,11-21-2025,C-05 Bumpin Bunnies,3,1,0,20.0,C,31,13,0,171.0,Fall,3
381,11-21-2025,C-07 Otter Chaos,4,0,0,42.0,C,29,14,1,145.0,Fall,4
382,11-21-2025,C-14 Hot Cheetahs,4,0,0,30.0,C,28,16,0,126.0,Fall,5
383,11-21-2025,C-18 Digletts,4,0,0,40.0,C,27,17,0,111.0,Fall,6
384,11-21-2025,C-13 Doggy Style,1,3,0,-16.0,C,23,20,1,34.0,Fall,7
385,11-21-2025,C-11 Las Vulturistas,3,1,0,16.0,C,22,22,0,-14.0,Fall,8
386,11-21-2025,C-01 Hitty Kitties,1,3,0,-12.0,C,22,22,0,-29.0,Fall,9
387,11-21-2025,C-04 Panda-Monium,1,3,0,-20.0,C,21,21,2,0.0,Fall,10
388,11-21-2025,C-02 Glory H Gorillas,2,2,0,13.0,C,21,22,1,-7.0,Fall,11
389,11-21-2025,C-17 Fowl Play,1,3,0,-22.0,C,18,26,0,-42.0,Fall,12
390,11-21-2025,C-03 Balls to the Narwhals,1,3,0,-22.0,C,17,27,0,-128.0,Fall,13
391,11-21-2025,C-09 Strikalotls,2,2,0,5.0,C,16,27,1,-94.0,Fall,14
392,11-21-2025,C-06 The GOATs,1,3,0,-18.0,C,14,29,1,-125.0,Fall,15
393,11-21-2025,C-16 No Fox Given,1,3,0,-21.0,C,13,30,1,-147.0,Fall,16
394,11-21-2025,"C-15 Dig, Dig, Goose",0,4,0,-53.0,C,11,33,0,-228.0,Fall,17
395,11-21-2025,C-10 Duck Around and Find Out,0,4,0,-42.0,C,7,37,0,-219.0,Fall,18
396,08-22-2025,E-01-Assassins Cream,3,1,0,18.0,E,3,1,0,18.0,Fall,1
397,08-22-2025,E-08-Street Walkers,3,1,0,11.0,E,3,1,0,11.0,Fall,2
398,08-22-2025,E-09-Sonic The Edgedhogs,3,1,0,10.0,E,3,1,0,10.0,Fall,3
399,08-22-2025,E-04-Super Smash Hoes,3,1,0,8.0,E,3,1,0,8.0,Fall,4
400,08-22-2025,E-05-Nintendo 69,2,2,0,-7.0,E,2,2,0,-7.0,Fall,5
401,08-22-2025,E-02-Mortal Cumbat,2,2,0,-7.0,E,2,2,0,-7.0,Fall,6
402,08-22-2025,E-06-Call of Booty: Block Ops,1,3,0,-1.0,E,1,3,0,-1.0,Fall,7
403,08-22-2025,E-03-Donkey Schlong,1,3,0,-11.0,E,1,3,0,-11.0,Fall,8
404,08-22-2025,E-07-Ms. Pac Man,0,4,0,-21.0,E,0,4,0,-21.0,Fall,9
405,09-05-2025,E-01-Assassins Cream,4,0,0,19.0,E,7,1,0,37.0,Fall,1
406,09-05-2025,E-09-Sonic The Edgedhogs,4,0,0,16.0,E,7,1,0,26.0,Fall,2
407,09-05-2025,E-08-Street Walkers,2,2,0,6.0,E,5,3,0,17.0,Fall,3
408,09-05-2025,E-02-Mortal Cumbat,3,1,0,12.0,E,5,3,0,5.0,Fall,4
409,09-05-2025,E-04-Super Smash Hoes,1,3,0,-12.0,E,4,4,0,-4.0,Fall,5
410,09-05-2025,E-05-Nintendo 69,1,3,0,-18.0,E,3,5,0,-25.0,Fall,6
411,09-05-2025,E-06-Call of Booty: Block Ops,1,3,0,-9.0,E,2,6,0,-10.0,Fall,7
412,09-05-2025,E-03-Donkey Schlong,1,3,0,-7.0,E,2,6,0,-18.0,Fall,8
413,09-05-2025,E-07-Ms. Pac Man,1,3,0,-7.0,E,1,7,0,-28.0,Fall,9
414,09-12-2025,E-09-Sonic The Edgedhogs,4,0,0,23.0,E,11,1,0,49.0,Fall,1
415,09-12-2025,E-02-Mortal Cumbat,4,0,0,20.0,E,9,3,0,25.0,Fall,2
416,09-12-2025,E-01-Assassins Cream,1,3,0,-6.0,E,8,4,0,31.0,Fall,3
417,09-12-2025,E-08-Street Walkers,1,3,0,-10.0,E,6,6,0,7.0,Fall,4
418,09-12-2025,E-04-Super Smash Hoes,2,2,0,-5.0,E,6,6,0,-9.0,Fall,5
419,09-12-2025,E-03-Donkey Schlong,3,1,0,15.0,E,5,7,0,-3.0,Fall,6
420,09-12-2025,E-06-Call of Booty: Block Ops,2,2,0,-7.0,E,4,8,0,-17.0,Fall,7
421,09-12-2025,E-05-Nintendo 69,1,3,0,-17.0,E,4,8,0,-42.0,Fall,8
422,09-12-2025,E-07-Ms. Pac Man,0,4,0,-13.0,E,1,11,0,-41.0,Fall,9
423,09-19-2025,E-01-Assassins Cream,4,0,0,25.0,E,12,4,0,56.0,Fall,1
424,09-19-2025,E-09-Sonic The Edgedhogs,1,3,0,-6.0,E,12,4,0,43.0,Fall,2
425,09-19-2025,E-02-Mortal Cumbat,3,1,0,17.0,E,12,4,0,42.0,Fall,3
426,09-19-2025,E-03-Donkey Schlong,3,1,0,6.0,E,8,8,0,3.0,Fall,4
427,09-19-2025,E-04-Super Smash Hoes,2,2,0,-11.0,E,8,8,0,-20.0,Fall,5
428,09-19-2025,E-08-Street Walkers,1,3,0,-9.0,E,7,9,0,-2.0,Fall,6
429,09-19-2025,E-06-Call of Booty: Block Ops,1,3,0,-16.0,E,5,11,0,-33.0,Fall,7
430,09-19-2025,E-05-Nintendo 69,1,3,0,-13.0,E,5,11,0,-55.0,Fall,8
431,09-19-2025,E-07-Ms. Pac Man,2,2,0,7.0,E,3,13,0,-34.0,Fall,9
432,09-26-2025,E-09-Sonic The Edgedhogs,4,0,0,35.0,E,16,4,0,78.0,Fall,1
433,09-26-2025,E-01-Assassins Cream,3,1,0,12.0,E,15,5,0,68.0,Fall,2
434,09-26-2025,E-02-Mortal Cumbat,1,3,0,-18.0,E,13,7,0,24.0,Fall,3
435,09-26-2025,E-03-Donkey Schlong,2,2,0,6.0,E,10,10,0,9.0,Fall,4
436,09-26-2025,E-08-Street Walkers,1,3,0,-19.0,E,8,12,0,-21.0,Fall,5
437,09-26-2025,E-06-Call of Booty: Block Ops,3,1,0,12.0,E,8,12,0,-21.0,Fall,6
438,09-26-2025,E-04-Super Smash Hoes,0,4,0,-18.0,E,8,12,0,-38.0,Fall,7
439,09-26-2025,E-05-Nintendo 69,3,1,0,6.0,E,8,12,0,-49.0,Fall,8
440,09-26-2025,E-07-Ms. Pac Man,1,3,0,-16.0,E,4,16,0,-50.0,Fall,9
441,10-10-2025,E-09-Sonic The Edgedhogs,4,0,0,100.0,E,20,4,0,178.0,Fall,1
442,10-10-2025,E-01-Assassins Cream,2,2,0,5.0,E,17,7,0,73.0,Fall,2
443,10-10-2025,E-02-Mortal Cumbat,1,3,0,-9.0,E,14,10,0,15.0,Fall,3
444,10-10-2025,E-05-Nintendo 69,4,0,0,22.0,E,12,12,0,-27.0,Fall,4
445,10-10-2025,E-03-Donkey Schlong,0,2,2,-50.0,E,10,12,2,-41.0,Fall,5
446,10-10-2025,E-04-Super Smash Hoes,2,2,0,-9.0,E,10,14,0,-47.0,Fall,6
447,10-10-2025,E-08-Street Walkers,1,3,0,-13.0,E,9,15,0,-34.0,Fall,7
448,10-10-2025,E-06-Call of Booty: Block Ops,0,2,2,-50.0,E,8,14,2,-71.0,Fall,8
449,10-10-2025,E-07-Ms. Pac Man,2,2,0,4.0,E,6,18,0,-46.0,Fall,9
450,10-17-2025,E-09-Sonic The Edgedhogs,1,3,0,-7.0,E,21,7,0,171.0,Fall,1
451,10-17-2025,E-01-Assassins Cream,2,2,0,3.0,E,19,9,0,76.0,Fall,2
452,10-17-2025,E-02-Mortal Cumbat,3,1,0,8.0,E,17,11,0,23.0,Fall,3
453,10-17-2025,E-05-Nintendo 69,3,1,0,4.0,E,15,13,0,-23.0,Fall,4
454,10-17-2025,E-03-Donkey Schlong,2,2,0,-8.0,E,12,14,2,-49.0,Fall,5
455,10-17-2025,E-04-Super Smash Hoes,2,2,0,10.0,E,12,16,0,-37.0,Fall,6
456,10-17-2025,E-08-Street Walkers,2,2,0,-2.0,E,11,17,0,-36.0,Fall,7
457,10-17-2025,E-06-Call of Booty: Block Ops,2,2,0,-7.0,E,10,16,2,-78.0,Fall,8
458,10-17-2025,E-07-Ms. Pac Man,1,3,0,-1.0,E,7,21,0,-47.0,Fall,9
459,10-24-2025,E-09-Sonic The Edgedhogs,4,0,0,30.0,E,25,7,0,201.0,Fall,1
460,10-24-2025,E-01-Assassins Cream,0,4,0,-19.0,E,19,13,0,57.0,Fall,2
461,10-24-2025,E-02-Mortal Cumbat,0,4,0,-25.0,E,17,15,0,-2.0,Fall,3
462,10-24-2025,E-05-Nintendo 69,1,3,0,-15.0,E,16,16,0,-38.0,Fall,4
463,10-24-2025,E-03-Donkey Schlong,3,1,0,7.0,E,15,15,2,-42.0,Fall,5
464,10-24-2025,E-06-Call of Booty: Block Ops,4,0,0,20.0,E,14,16,2,-58.0,Fall,6
465,10-24-2025,E-04-Super Smash Hoes,2,2,0,-5.0,E,14,18,0,-42.0,Fall,7
466,10-24-2025,E-08-Street Walkers,2,2,0,-1.0,E,13,19,0,-37.0,Fall,8
467,10-24-2025,E-07-Ms. Pac Man,2,2,0,8.0,E,9,23,0,-39.0,Fall,9
468,11-07-2025,E-09-Sonic The Edgedhogs,3,1,0,18.0,E,28,8,0,219.0,Fall,1
469,11-07-2025,E-01-Assassins Cream,3,1,0,16.0,E,22,14,0,73.0,Fall,2
470,11-07-2025,E-05-Nintendo 69,3,1,0,3.0,E,19,17,0,-35.0,Fall,3
471,11-07-2025,E-03-Donkey Schlong,3,1,0,6.0,E,18,16,2,-36.0,Fall,4
472,11-07-2025,E-06-Call of Booty: Block Ops,3,1,0,21.0,E,17,17,2,-37.0,Fall,5
473,11-07-2025,E-02-Mortal Cumbat,0,4,0,-22.0,E,17,19,0,-24.0,Fall,6
474,11-07-2025,E-08-Street Walkers,2,2,0,-5.0,E,15,21,0,-42.0,Fall,7
475,11-07-2025,E-04-Super Smash Hoes,0,4,0,-24.0,E,14,22,0,-66.0,Fall,8
476,11-07-2025,E-07-Ms. Pac Man,1,3,0,-13.0,E,10,26,0,-52.0,Fall,9
477,11-14-2025,E-09-Sonic The Edgedhogs,0,4,0,-100.0,E,28,12,0,119.0,Fall,1
478,11-14-2025,E-01-Assassins Cream,0,4,0,-100.0,E,22,18,0,-27.0,Fall,2
479,11-14-2025,E-03-Donkey Schlong,3,1,0,50.0,E,21,17,2,14.0,Fall,3
480,11-14-2025,E-06-Call of Booty: Block Ops,3,1,0,50.0,E,20,18,2,13.0,Fall,4
481,11-14-2025,E-02-Mortal Cumbat,3,1,0,50.0,E,20,20,0,26.0,Fall,5
482,11-14-2025,E-05-Nintendo 69,0,4,0,-100.0,E,19,21,0,-135.0,Fall,6
483,11-14-2025,E-08-Street Walkers,3,1,0,50.0,E,18,22,0,8.0,Fall,7
484,11-14-2025,E-04-Super Smash Hoes,3,1,0,52.0,E,17,23,0,-14.0,Fall,8
485,11-14-2025,E-07-Ms. Pac Man,3,1,0,48.0,E,13,27,0,-4.0,Fall,9
486,11-21-2025,E-09-Sonic The Edgedhogs,0,2,2,0.0,E,28,14,2,119.0,Fall,1
487,11-21-2025,E-01-Assassins Cream,4,0,0,0.0,E,26,18,0,-27.0,Fall,2
488,11-21-2025,E-03-Donkey Schlong,0,4,0,0.0,E,21,21,2,14.0,Fall,3
489,11-21-2025,E-04-Super Smash Hoes,4,0,0,5.0,E,21,23,0,-9.0,Fall,4
490,11-21-2025,E-06-Call of Booty: Block Ops,0,0,4,0.0,E,20,18,6,13.0,Fall,5
491,11-21-2025,E-02-Mortal Cumbat,0,0,4,0.0,E,20,20,4,26.0,Fall,6
492,11-21-2025,E-08-Street Walkers,2,2,0,-5.0,E,20,24,0,3.0,Fall,7
493,11-21-2025,E-05-Nintendo 69,0,2,2,0.0,E,19,23,2,-135.0,Fall,8
494,11-21-2025,E-07-Ms. Pac Man,0,0,4,0.0,E,13,27,4,-4.0,Fall,9
495,08-22-2025,I-05 Sugar Rush,4,0,0,55.0,I,4,0,0,55.0,Fall,1
496,08-22-2025,I-08 Fudge Force,4,0,0,39.0,I,4,0,0,39.0,Fall,2
497,08-22-2025,I-07 Sour Patch Aces,3,1,0,21.0,I,3,1,0,21.0,Fall,3
498,08-22-2025,I-04 Pelon PelonetAss,3,1,0,21.0,I,3,1,0,21.0,Fall,4
499,08-22-2025,I-09 Sour Pass Kids,3,1,0,4.0,I,3,1,0,4.0,Fall,5
500,08-22-2025,I-01 Sugar Spikers,2,2,0,4.0,I,2,2,0,4.0,Fall,6
501,08-22-2025,I-03 Volleypops,2,2,0,1.0,I,2,2,0,1.0,Fall,7
502,08-22-2025,I-06 Candy Crushers,2,2,0,-15.0,I,2,2,0,-15.0,Fall,8
503,08-22-2025,I-11 Gummy Bear Spikers,1,3,0,-22.0,I,1,3,0,-22.0,Fall,9
504,08-22-2025,I-02 Spike Tarts,0,4,0,-25.0,I,0,4,0,-25.0,Fall,10
505,08-22-2025,I-10 Volley Ranchers,0,4,0,-40.0,I,0,4,0,-40.0,Fall,11
506,08-22-2025,I-12 Gummy Humpers,0,4,0,-43.0,I,0,4,0,-43.0,Fall,12
507,09-05-2025,I-05 Sugar Rush,3,1,0,27.0,I,7,1,0,82.0,Fall,1
508,09-05-2025,I-08 Fudge Force,3,1,0,23.0,I,7,1,0,62.0,Fall,2
509,09-05-2025,I-09 Sour Pass Kids,3,1,0,14.0,I,6,2,0,18.0,Fall,3
510,09-05-2025,I-03 Volleypops,3,1,0,16.0,I,5,3,0,17.0,Fall,4
511,09-05-2025,I-04 Pelon PelonetAss,2,2,0,-14.0,I,5,3,0,7.0,Fall,5
512,09-05-2025,I-07 Sour Patch Aces,1,3,0,-7.0,I,4,4,0,14.0,Fall,6
513,09-05-2025,I-01 Sugar Spikers,2,2,0,5.0,I,4,4,0,9.0,Fall,7
514,09-05-2025,I-06 Candy Crushers,2,2,0,9.0,I,4,4,0,-6.0,Fall,8
515,09-05-2025,I-11 Gummy Bear Spikers,2,1,1,-1.0,I,3,4,1,-23.0,Fall,9
516,09-05-2025,I-12 Gummy Humpers,2,2,0,-7.0,I,2,6,0,-50.0,Fall,10
517,09-05-2025,I-10 Volley Ranchers,0,3,1,-22.0,I,0,7,1,-62.0,Fall,11
518,09-05-2025,I-02 Spike Tarts,0,4,0,-43.0,I,0,8,0,-68.0,Fall,12
519,09-12-2025,I-05 Sugar Rush,3,0,1,18.0,I,10,1,1,100.0,Fall,1
520,09-12-2025,I-08 Fudge Force,2,2,0,1.0,I,9,3,0,63.0,Fall,2
521,09-12-2025,I-09 Sour Pass Kids,3,1,0,23.0,I,9,3,0,41.0,Fall,3
522,09-12-2025,I-04 Pelon PelonetAss,4,0,0,23.0,I,9,3,0,30.0,Fall,4
523,09-12-2025,I-01 Sugar Spikers,3,1,0,11.0,I,7,5,0,20.0,Fall,5
524,09-12-2025,I-07 Sour Patch Aces,2,2,0,-4.0,I,6,6,0,10.0,Fall,6
525,09-12-2025,I-06 Candy Crushers,1,2,1,-6.0,I,5,6,1,-12.0,Fall,7
526,09-12-2025,I-03 Volleypops,0,4,0,-24.0,I,5,7,0,-7.0,Fall,8
527,09-12-2025,I-10 Volley Ranchers,3,1,0,17.0,I,3,8,1,-45.0,Fall,9
528,09-12-2025,I-11 Gummy Bear Spikers,0,4,0,-34.0,I,3,8,1,-57.0,Fall,10
529,09-12-2025,I-12 Gummy Humpers,1,3,0,-12.0,I,3,9,0,-62.0,Fall,11
530,09-12-2025,I-02 Spike Tarts,1,3,0,-13.0,I,1,11,0,-81.0,Fall,12
531,09-19-2025,I-05 Sugar Rush,4,0,0,35.0,I,14,1,1,135.0,Fall,1
532,09-19-2025,I-08 Fudge Force,4,0,0,36.0,I,13,3,0,99.0,Fall,2
533,09-19-2025,I-04 Pelon PelonetAss,4,0,0,33.0,I,13,3,0,63.0,Fall,3
534,09-19-2025,I-09 Sour Pass Kids,3,0,1,25.0,I,12,3,1,66.0,Fall,4
535,09-19-2025,I-01 Sugar Spikers,1,3,0,-6.0,I,8,8,0,14.0,Fall,5
536,09-19-2025,I-03 Volleypops,2,1,1,18.0,I,7,8,1,11.0,Fall,6
537,09-19-2025,I-06 Candy Crushers,2,2,0,13.0,I,7,8,1,1.0,Fall,7
538,09-19-2025,I-07 Sour Patch Aces,1,3,0,-29.0,I,7,9,0,-19.0,Fall,8
539,09-19-2025,I-11 Gummy Bear Spikers,1,3,0,-23.0,I,4,11,1,-80.0,Fall,9
540,09-19-2025,I-12 Gummy Humpers,1,3,0,-10.0,I,4,12,0,-72.0,Fall,10
541,09-19-2025,I-10 Volley Ranchers,0,4,0,-43.0,I,3,12,1,-88.0,Fall,11
542,09-19-2025,I-02 Spike Tarts,0,4,0,-49.0,I,1,15,0,-130.0,Fall,12
543,09-26-2025,I-05 Sugar Rush,4,0,0,28.0,I,18,1,1,163.0,Fall,1
544,09-26-2025,I-08 Fudge Force,4,0,0,43.0,I,17,3,0,142.0,Fall,2
545,09-26-2025,I-04 Pelon PelonetAss,2,2,0,-4.0,I,15,5,0,59.0,Fall,3
546,09-26-2025,I-09 Sour Pass Kids,2,2,0,-4.0,I,14,5,1,62.0,Fall,4
547,09-26-2025,I-01 Sugar Spikers,3,0,1,29.0,I,11,8,1,43.0,Fall,5
548,09-26-2025,I-06 Candy Crushers,3,1,0,26.0,I,10,9,1,27.0,Fall,6
549,09-26-2025,I-03 Volleypops,1,3,0,-17.0,I,8,11,1,-6.0,Fall,7
550,09-26-2025,I-07 Sour Patch Aces,0,4,0,-39.0,I,7,13,0,-58.0,Fall,8
551,09-26-2025,I-12 Gummy Humpers,2,2,0,-9.0,I,6,14,0,-81.0,Fall,9
552,09-26-2025,I-11 Gummy Bear Spikers,1,2,1,3.0,I,5,13,2,-77.0,Fall,10
553,09-26-2025,I-10 Volley Ranchers,0,4,0,-24.0,I,3,16,1,-112.0,Fall,11
554,09-26-2025,I-02 Spike Tarts,1,3,0,-32.0,I,2,18,0,-162.0,Fall,12
555,10-10-2025,I-05 Sugar Rush,3,1,0,22.0,I,21,2,1,185.0,Fall,1
556,10-10-2025,I-08 Fudge Force,4,0,0,49.0,I,21,3,0,191.0,Fall,2
557,10-10-2025,I-04 Pelon PelonetAss,2,2,0,7.0,I,17,7,0,66.0,Fall,3
558,10-10-2025,I-09 Sour Pass Kids,2,2,0,13.0,I,16,7,1,75.0,Fall,4
559,10-10-2025,I-01 Sugar Spikers,4,0,0,28.0,I,15,8,1,71.0,Fall,5
560,10-10-2025,I-03 Volleypops,3,1,0,10.0,I,11,12,1,4.0,Fall,6
561,10-10-2025,I-06 Candy Crushers,0,4,0,-42.0,I,10,13,1,-15.0,Fall,7
562,10-10-2025,I-07 Sour Patch Aces,1,3,0,-17.0,I,8,16,0,-75.0,Fall,8
563,10-10-2025,I-12 Gummy Humpers,2,2,0,3.0,I,8,16,0,-78.0,Fall,9
564,10-10-2025,I-11 Gummy Bear Spikers,2,2,0,-7.0,I,7,15,2,-84.0,Fall,10
565,10-10-2025,I-10 Volley Ranchers,0,4,0,-31.0,I,3,20,1,-143.0,Fall,11
566,10-10-2025,I-02 Spike Tarts,1,3,0,-35.0,I,3,21,0,-197.0,Fall,12
567,10-17-2025,I-08 Fudge Force,3,1,0,13.0,I,24,4,0,204.0,Fall,1
568,10-17-2025,I-05 Sugar Rush,1,3,0,-11.0,I,22,5,1,174.0,Fall,2
569,10-17-2025,I-09 Sour Pass Kids,4,0,0,13.0,I,20,7,1,88.0,Fall,3
570,10-17-2025,I-04 Pelon PelonetAss,2,1,1,-2.0,I,19,8,1,64.0,Fall,4
571,10-17-2025,I-01 Sugar Spikers,2,2,0,-2.0,I,17,10,1,69.0,Fall,5
572,10-17-2025,I-03 Volleypops,2,2,0,3.0,I,13,14,1,7.0,Fall,6
573,10-17-2025,I-12 Gummy Humpers,3,1,0,18.0,I,11,17,0,-60.0,Fall,7
574,10-17-2025,I-11 Gummy Bear Spikers,3,1,0,24.0,I,10,16,2,-60.0,Fall,8
575,10-17-2025,I-06 Candy Crushers,0,4,0,-16.0,I,10,17,1,-31.0,Fall,9
576,10-17-2025,I-07 Sour Patch Aces,1,3,0,-12.0,I,9,19,0,-87.0,Fall,10
577,10-17-2025,I-02 Spike Tarts,2,2,0,-6.0,I,5,23,0,-203.0,Fall,11
578,10-17-2025,I-10 Volley Ranchers,0,3,1,-22.0,I,3,23,2,-165.0,Fall,12
579,10-24-2025,I-08 Fudge Force,4,0,0,36.0,I,28,4,0,240.0,Fall,1
580,10-24-2025,I-05 Sugar Rush,4,0,0,23.0,I,26,5,1,197.0,Fall,2
581,10-24-2025,I-09 Sour Pass Kids,4,0,0,41.0,I,24,7,1,129.0,Fall,3
582,10-24-2025,I-01 Sugar Spikers,4,0,0,33.0,I,21,10,1,102.0,Fall,4
583,10-24-2025,I-04 Pelon PelonetAss,2,2,0,19.0,I,21,10,1,83.0,Fall,5
584,10-24-2025,I-03 Volleypops,2,2,0,14.0,I,15,16,1,21.0,Fall,6
585,10-24-2025,I-12 Gummy Humpers,2,2,0,-1.0,I,13,19,0,-61.0,Fall,7
586,10-24-2025,I-06 Candy Crushers,2,2,0,10.0,I,12,19,1,-21.0,Fall,8
587,10-24-2025,I-11 Gummy Bear Spikers,0,4,0,-37.0,I,10,20,2,-97.0,Fall,9
588,10-24-2025,I-07 Sour Patch Aces,0,4,0,-43.0,I,9,23,0,-130.0,Fall,10
589,10-24-2025,I-02 Spike Tarts,0,4,0,-55.0,I,5,27,0,-258.0,Fall,11
590,10-24-2025,I-10 Volley Ranchers,0,4,0,-40.0,I,3,27,2,-205.0,Fall,12
591,11-07-2025,I-08 Fudge Force,4,0,0,37.0,I,32,4,0,277.0,Fall,1
592,11-07-2025,I-05 Sugar Rush,2,2,0,-11.0,I,28,7,1,186.0,Fall,2
593,11-07-2025,I-09 Sour Pass Kids,4,0,0,43.0,I,28,7,1,172.0,Fall,3
594,11-07-2025,I-04 Pelon PelonetAss,4,0,0,32.0,I,25,10,1,115.0,Fall,4
595,11-07-2025,I-01 Sugar Spikers,3,1,0,17.0,I,24,11,1,119.0,Fall,5
596,11-07-2025,I-03 Volleypops,2,2,0,8.0,I,17,18,1,29.0,Fall,6
597,11-07-2025,I-06 Candy Crushers,1,3,0,-19.0,I,13,22,1,-40.0,Fall,7
598,11-07-2025,I-12 Gummy Humpers,0,4,0,-21.0,I,13,23,0,-82.0,Fall,8
599,11-07-2025,I-11 Gummy Bear Spikers,1,3,0,-24.0,I,11,23,2,-121.0,Fall,9
600,11-07-2025,I-07 Sour Patch Aces,0,4,0,-27.0,I,9,27,0,-157.0,Fall,10
601,11-07-2025,I-02 Spike Tarts,1,3,0,-25.0,I,6,30,0,-283.0,Fall,11
602,11-07-2025,I-10 Volley Ranchers,2,2,0,-10.0,I,5,29,2,-215.0,Fall,12
603,11-14-2025,I-08 Fudge Force,3,1,0,5.0,I,35,5,0,282.0,Fall,1
604,11-14-2025,I-05 Sugar Rush,4,0,0,23.0,I,32,7,1,209.0,Fall,2
605,11-14-2025,I-09 Sour Pass Kids,2,2,0,5.0,I,30,9,1,177.0,Fall,3
606,11-14-2025,I-01 Sugar Spikers,3,1,0,3.0,I,27,12,1,122.0,Fall,4
607,11-14-2025,I-04 Pelon PelonetAss,1,3,0,-8.0,I,26,13,1,107.0,Fall,5
608,11-14-2025,I-03 Volleypops,2,2,0,1.0,I,19,20,1,30.0,Fall,6
609,11-14-2025,I-06 Candy Crushers,3,1,0,33.0,I,16,23,1,-7.0,Fall,7
610,11-14-2025,I-12 Gummy Humpers,1,3,0,-6.0,I,14,26,0,-88.0,Fall,8
611,11-14-2025,I-11 Gummy Bear Spikers,1,3,0,-4.0,I,12,26,2,-125.0,Fall,9
612,11-14-2025,I-07 Sour Patch Aces,1,3,0,-19.0,I,10,30,0,-176.0,Fall,10
613,11-14-2025,I-10 Volley Ranchers,2,2,0,-15.0,I,7,31,2,-230.0,Fall,11
614,11-14-2025,I-02 Spike Tarts,1,3,0,-18.0,I,7,33,0,-301.0,Fall,12
615,11-21-2025,I-08 Fudge Force,3,1,0,8.0,I,38,6,0,290.0,Fall,1
616,11-21-2025,I-09 Sour Pass Kids,3,1,0,18.0,I,33,10,1,195.0,Fall,2
617,11-21-2025,I-05 Sugar Rush,0,4,0,-26.0,I,32,11,1,183.0,Fall,3
618,11-21-2025,I-01 Sugar Spikers,2,2,0,-4.0,I,29,14,1,118.0,Fall,4
619,11-21-2025,I-04 Pelon PelonetAss,3,1,0,4.0,I,29,14,1,111.0,Fall,5
620,11-21-2025,I-03 Volleypops,3,1,0,13.0,I,22,21,1,43.0,Fall,6
621,11-21-2025,I-06 Candy Crushers,1,3,0,-8.0,I,17,26,1,-15.0,Fall,7
622,11-21-2025,I-12 Gummy Humpers,3,1,0,0.0,I,17,27,0,-88.0,Fall,8
623,11-21-2025,I-11 Gummy Bear Spikers,2,2,0,9.0,I,14,28,2,-116.0,Fall,9
624,11-21-2025,I-07 Sour Patch Aces,2,2,0,4.0,I,12,32,0,-172.0,Fall,10
625,11-21-2025,I-10 Volley Ranchers,1,3,0,-9.0,I,8,34,2,-239.0,Fall,11
626,11-21-2025,I-02 Spike Tarts,1,3,0,-9.0,I,8,36,0,-310.0,Fall,12
627,08-22-2025,P-09 Taste My Rainbow,4,0,0,19.0,P,4,0,0,19.0,Fall,1
628,08-22-2025,P-05 Jaw Breakers,3,1,0,21.0,P,3,1,0,21.0,Fall,2
629,08-22-2025,P-01 Pop rocks cock blocks,3,1,0,14.0,P,3,1,0,14.0,Fall,3
630,08-22-2025,P-03 Blows Pop,2,2,0,13.0,P,2,2,0,13.0,Fall,4
631,08-22-2025,P-06 Hot Ta-Mamas!,2,2,0,8.0,P,2,2,0,8.0,Fall,5
632,08-22-2025,P-08 Nutty Buddies,1,3,0,-8.0,P,1,3,0,-8.0,Fall,6
633,08-22-2025,P-07 Reese’s Pieces (of ass),1,3,0,-11.0,P,1,3,0,-11.0,Fall,7
634,08-22-2025,P-02 Spikes and Ike’s,1,3,0,-27.0,P,1,3,0,-27.0,Fall,8
635,08-22-2025,P-04 The SnM’s,1,3,0,-29.0,P,1,3,0,-29.0,Fall,9
636,09-05-2025,P-01 Pop rocks cock blocks,4,0,0,18.0,P,7,1,0,32.0,Fall,1
637,09-05-2025,P-03 Blows Pop,4,0,0,32.0,P,6,2,0,45.0,Fall,2
638,09-05-2025,P-09 Taste My Rainbow,2,2,0,5.0,P,6,2,0,24.0,Fall,3
639,09-05-2025,P-05 Jaw Breakers,1,3,0,-15.0,P,4,4,0,6.0,Fall,4
640,09-05-2025,P-08 Nutty Buddies,3,1,0,7.0,P,4,4,0,-1.0,Fall,5
641,09-05-2025,P-07 Reese’s Pieces (of ass),2,2,0,-2.0,P,3,5,0,-13.0,Fall,6
642,09-05-2025,P-02 Spikes and Ike’s,2,2,0,8.0,P,3,5,0,-19.0,Fall,7
643,09-05-2025,P-06 Hot Ta-Mamas!,0,4,0,-37.0,P,2,6,0,-29.0,Fall,8
644,09-05-2025,P-04 The SnM’s,0,4,0,-16.0,P,1,7,0,-45.0,Fall,9
645,09-12-2025,P-01 Pop rocks cock blocks,3,1,0,18.0,P,10,2,0,50.0,Fall,1
646,09-12-2025,P-09 Taste My Rainbow,3,1,0,19.0,P,9,3,0,43.0,Fall,2
647,09-12-2025,P-03 Blows Pop,2,2,0,-3.0,P,8,4,0,42.0,Fall,3
648,09-12-2025,P-08 Nutty Buddies,3,1,0,15.0,P,7,5,0,14.0,Fall,4
649,09-12-2025,P-07 Reese’s Pieces (of ass),2,2,0,8.0,P,5,7,0,-5.0,Fall,5
650,09-12-2025,P-02 Spikes and Ike’s,2,2,0,-12.0,P,5,7,0,-31.0,Fall,6
651,09-12-2025,P-06 Hot Ta-Mamas!,2,2,0,4.0,P,4,8,0,-25.0,Fall,7
652,09-12-2025,P-05 Jaw Breakers,0,4,0,-37.0,P,4,8,0,-31.0,Fall,8
653,09-12-2025,P-04 The SnM’s,1,3,0,-12.0,P,2,10,0,-57.0,Fall,9
654,09-19-2025,P-01 Pop rocks cock blocks,4,0,0,31.0,P,14,2,0,81.0,Fall,1
655,09-19-2025,P-09 Taste My Rainbow,3,1,0,19.0,P,12,4,0,62.0,Fall,2
656,09-19-2025,P-03 Blows Pop,1,3,0,-10.0,P,9,7,0,32.0,Fall,3
657,09-19-2025,P-05 Jaw Breakers,4,0,0,32.0,P,8,8,0,1.0,Fall,4
658,09-19-2025,P-08 Nutty Buddies,1,3,0,-19.0,P,8,8,0,-5.0,Fall,5
659,09-19-2025,P-02 Spikes and Ike’s,3,1,0,9.0,P,8,8,0,-22.0,Fall,6
660,09-19-2025,P-07 Reese’s Pieces (of ass),1,3,0,-22.0,P,6,10,0,-27.0,Fall,7
661,09-19-2025,P-06 Hot Ta-Mamas!,1,3,0,-12.0,P,5,11,0,-37.0,Fall,8
662,09-19-2025,P-04 The SnM’s,0,4,0,-28.0,P,2,14,0,-85.0,Fall,9
663,09-26-2025,P-01 Pop rocks cock blocks,2,2,0,2.0,P,16,4,0,83.0,Fall,1
664,09-26-2025,P-09 Taste My Rainbow,3,1,0,14.0,P,15,5,0,76.0,Fall,2
665,09-26-2025,P-03 Blows Pop,3,1,0,14.0,P,12,8,0,46.0,Fall,3
666,09-26-2025,P-05 Jaw Breakers,4,0,0,36.0,P,12,8,0,37.0,Fall,4
667,09-26-2025,P-08 Nutty Buddies,2,2,0,9.0,P,10,10,0,4.0,Fall,5
668,09-26-2025,P-02 Spikes and Ike’s,1,3,0,-16.0,P,9,11,0,-38.0,Fall,6
669,09-26-2025,P-07 Reese’s Pieces (of ass),1,3,0,-23.0,P,7,13,0,-50.0,Fall,7
670,09-26-2025,P-06 Hot Ta-Mamas!,0,4,0,-44.0,P,5,15,0,-81.0,Fall,8
671,09-26-2025,P-04 The SnM’s,2,2,0,8.0,P,4,16,0,-77.0,Fall,9
672,10-10-2025,P-01 Pop rocks cock blocks,4,0,0,21.0,P,20,4,0,104.0,Fall,1
673,10-10-2025,P-09 Taste My Rainbow,4,0,0,25.0,P,19,5,0,101.0,Fall,2
674,10-10-2025,P-03 Blows Pop,2,2,0,18.0,P,14,10,0,64.0,Fall,3
675,10-10-2025,P-05 Jaw Breakers,1,2,1,-9.0,P,13,10,1,28.0,Fall,4
676,10-10-2025,P-02 Spikes and Ike’s,4,0,0,35.0,P,13,11,0,-3.0,Fall,5
677,10-10-2025,P-08 Nutty Buddies,0,3,1,-26.0,P,10,13,1,-22.0,Fall,6
678,10-10-2025,P-07 Reese’s Pieces (of ass),0,4,0,-19.0,P,7,17,0,-69.0,Fall,7
679,10-10-2025,P-04 The SnM’s,2,2,0,-2.0,P,6,18,0,-79.0,Fall,8
680,10-10-2025,P-06 Hot Ta-Mamas!,0,4,0,-43.0,P,5,19,0,-124.0,Fall,9
681,10-17-2025,P-09 Taste My Rainbow,3,0,1,17.0,P,22,5,1,118.0,Fall,1
682,10-17-2025,P-01 Pop rocks cock blocks,2,1,1,13.0,P,22,5,1,117.0,Fall,2
683,10-17-2025,P-03 Blows Pop,3,1,0,8.0,P,17,11,0,72.0,Fall,3
684,10-17-2025,P-02 Spikes and Ike’s,2,2,0,17.0,P,15,13,0,14.0,Fall,4
685,10-17-2025,P-05 Jaw Breakers,0,4,0,-30.0,P,13,14,1,-2.0,Fall,5
686,10-17-2025,P-08 Nutty Buddies,3,1,0,14.0,P,13,14,1,-8.0,Fall,6
687,10-17-2025,P-07 Reese’s Pieces (of ass),3,1,0,15.0,P,10,18,0,-54.0,Fall,7
688,10-17-2025,P-04 The SnM’s,0,4,0,-22.0,P,6,22,0,-101.0,Fall,8
689,10-17-2025,P-06 Hot Ta-Mamas!,1,3,0,-32.0,P,6,22,0,-156.0,Fall,9
690,10-24-2025,P-01 Pop rocks cock blocks,3,1,0,19.0,P,25,6,1,136.0,Fall,1
691,10-24-2025,P-09 Taste My Rainbow,2,2,0,-3.0,P,24,7,1,115.0,Fall,2
692,10-24-2025,P-03 Blows Pop,2,2,0,-8.0,P,19,13,0,64.0,Fall,3
693,10-24-2025,P-02 Spikes and Ike’s,2,2,0,-1.0,P,17,15,0,13.0,Fall,4
694,10-24-2025,P-05 Jaw Breakers,3,1,0,16.0,P,16,15,1,14.0,Fall,5
695,10-24-2025,P-08 Nutty Buddies,3,1,0,3.0,P,16,15,1,-5.0,Fall,6
696,10-24-2025,P-07 Reese’s Pieces (of ass),1,3,0,-8.0,P,11,21,0,-62.0,Fall,7
697,10-24-2025,P-04 The SnM’s,2,2,0,4.0,P,8,24,0,-97.0,Fall,8
698,10-24-2025,P-06 Hot Ta-Mamas!,0,4,0,-22.0,P,6,26,0,-178.0,Fall,9
699,11-07-2025,P-01 Pop rocks cock blocks,3,1,0,27.0,P,28,7,1,163.0,Fall,1
700,11-07-2025,P-09 Taste My Rainbow,2,2,0,-6.0,P,26,9,1,109.0,Fall,2
701,11-07-2025,P-03 Blows Pop,3,1,0,4.0,P,22,14,0,68.0,Fall,3
702,11-07-2025,P-05 Jaw Breakers,4,0,0,51.0,P,20,15,1,65.0,Fall,4
703,11-07-2025,P-08 Nutty Buddies,1,3,0,-3.0,P,17,18,1,-8.0,Fall,5
704,11-07-2025,P-02 Spikes and Ike’s,0,4,0,-31.0,P,17,19,0,-18.0,Fall,6
705,11-07-2025,P-07 Reese’s Pieces (of ass),3,1,0,9.0,P,14,22,0,-53.0,Fall,7
706,11-07-2025,P-04 The SnM’s,1,2,1,-18.0,P,9,26,1,-115.0,Fall,8
707,11-07-2025,P-06 Hot Ta-Mamas!,0,3,1,-33.0,P,6,29,1,-211.0,Fall,9
708,11-14-2025,P-01 Pop rocks cock blocks,4,0,0,17.0,P,32,7,1,180.0,Fall,1
709,11-14-2025,P-09 Taste My Rainbow,2,2,0,2.0,P,28,11,1,111.0,Fall,2
710,11-14-2025,P-03 Blows Pop,3,1,0,17.0,P,25,15,0,85.0,Fall,3
711,11-14-2025,P-05 Jaw Breakers,3,0,1,22.0,P,23,15,2,87.0,Fall,4
712,11-14-2025,P-08 Nutty Buddies,1,2,1,-5.0,P,18,20,2,-13.0,Fall,5
713,11-14-2025,P-02 Spikes and Ike’s,1,3,0,-17.0,P,18,22,0,-35.0,Fall,6
714,11-14-2025,P-07 Reese’s Pieces (of ass),1,3,0,-8.0,P,15,25,0,-61.0,Fall,7
715,11-14-2025,P-04 The SnM’s,1,3,0,-9.0,P,10,29,1,-124.0,Fall,8
716,11-14-2025,P-06 Hot Ta-Mamas!,1,3,0,-19.0,P,7,32,1,-230.0,Fall,9
717,11-21-2025,P-01 Pop rocks cock blocks,3,1,0,6.0,P,35,8,1,186.0,Fall,1
718,11-21-2025,P-03 Blows Pop,4,0,0,28.0,P,29,15,0,113.0,Fall,2
719,11-21-2025,P-09 Taste My Rainbow,0,4,0,-31.0,P,28,15,1,80.0,Fall,3
720,11-21-2025,P-05 Jaw Breakers,3,1,0,25.0,P,26,16,2,112.0,Fall,4
721,11-21-2025,P-08 Nutty Buddies,1,3,0,-7.0,P,19,23,2,-20.0,Fall,5
722,11-21-2025,P-02 Spikes and Ike’s,0,0,4,0.0,P,18,22,4,-35.0,Fall,6
723,11-21-2025,P-07 Reese’s Pieces (of ass),0,0,4,0.0,P,15,25,4,-61.0,Fall,7
724,11-21-2025,P-04 The SnM’s,1,3,0,-21.0,P,11,32,1,-145.0,Fall,8
725,11-21-2025,P-06 Hot Ta-Mamas!,0,0,4,0.0,P,7,32,5,-230.0,Fall,9
726,08-22-2025,R-02 Guardians of The Net,4,0,0,31.0,R,4,0,0,31.0,Fall,1
727,08-22-2025,R-03 Thunderballz,3,1,0,22.0,R,3,1,0,22.0,Fall,2
728,08-22-2025,R-06 Spike Men: Days of the Slay Past,3,1,0,8.0,R,3,1,0,8.0,Fall,3
729,08-22-2025,R-05 The PowerPass Girls,2,2,0,-10.0,R,2,2,0,-10.0,Fall,4
730,08-22-2025,R-04 Spiketastic Seven,0,4,0,-21.0,R,0,4,0,-21.0,Fall,5
731,08-22-2025,R-01 Hulk-Smash,0,4,0,-30.0,R,0,4,0,-30.0,Fall,6
732,09-05-2025,R-02 Guardians of The Net,3,1,0,17.0,R,7,1,0,48.0,Fall,1
733,09-05-2025,R-03 Thunderballz,3,1,0,7.0,R,6,2,0,29.0,Fall,2
734,09-05-2025,R-06 Spike Men: Days of the Slay Past,0,4,0,-24.0,R,3,5,0,-16.0,Fall,3
735,09-05-2025,R-01 Hulk-Smash,3,1,0,6.0,R,3,5,0,-24.0,Fall,4
736,09-05-2025,R-05 The PowerPass Girls,1,3,0,-26.0,R,3,5,0,-36.0,Fall,5
737,09-05-2025,R-04 Spiketastic Seven,2,2,0,20.0,R,2,6,0,-1.0,Fall,6
738,09-12-2025,R-02 Guardians of The Net,3,1,0,13.0,R,10,2,0,61.0,Fall,1
739,09-12-2025,R-03 Thunderballz,4,0,0,16.0,R,10,2,0,45.0,Fall,2
740,09-12-2025,R-06 Spike Men: Days of the Slay Past,2,2,0,-3.0,R,5,7,0,-19.0,Fall,3
741,09-12-2025,R-01 Hulk-Smash,1,3,0,-12.0,R,4,8,0,-36.0,Fall,4
742,09-12-2025,R-05 The PowerPass Girls,1,3,0,-10.0,R,4,8,0,-46.0,Fall,5
743,09-12-2025,R-04 Spiketastic Seven,1,3,0,-4.0,R,3,9,0,-5.0,Fall,6
744,09-19-2025,R-02 Guardians of The Net,4,0,0,25.0,R,14,2,0,86.0,Fall,1
745,09-19-2025,R-03 Thunderballz,3,0,1,22.0,R,13,2,1,67.0,Fall,2
746,09-19-2025,R-06 Spike Men: Days of the Slay Past,2,1,1,8.0,R,7,8,1,-11.0,Fall,3
747,09-19-2025,R-05 The PowerPass Girls,2,2,0,0.0,R,6,10,0,-46.0,Fall,4
748,09-19-2025,R-01 Hulk-Smash,0,4,0,-30.0,R,4,12,0,-66.0,Fall,5
749,09-19-2025,R-04 Spiketastic Seven,0,4,0,-25.0,R,3,13,0,-30.0,Fall,6
750,09-26-2025,R-02 Guardians of The Net,3,1,0,12.0,R,17,3,0,98.0,Fall,1
751,09-26-2025,R-03 Thunderballz,3,1,0,23.0,R,16,3,1,90.0,Fall,2
752,09-26-2025,R-06 Spike Men: Days of the Slay Past,3,1,0,7.0,R,10,9,1,-4.0,Fall,3
753,09-26-2025,R-05 The PowerPass Girls,1,3,0,-3.0,R,7,13,0,-49.0,Fall,4
754,09-26-2025,R-01 Hulk-Smash,2,2,0,-4.0,R,6,14,0,-70.0,Fall,5
755,09-26-2025,R-04 Spiketastic Seven,0,4,0,-35.0,R,3,17,0,-65.0,Fall,6
756,10-10-2025,R-03 Thunderballz,4,0,0,34.0,R,20,3,1,124.0,Fall,1
757,10-10-2025,R-02 Guardians of The Net,2,2,0,-8.0,R,19,5,0,90.0,Fall,2
758,10-10-2025,R-06 Spike Men: Days of the Slay Past,1,3,0,-8.0,R,11,12,1,-12.0,Fall,3
759,10-10-2025,R-05 The PowerPass Girls,3,1,0,16.0,R,10,14,0,-33.0,Fall,4
760,10-10-2025,R-01 Hulk-Smash,1,3,0,-6.0,R,7,17,0,-76.0,Fall,5
761,10-10-2025,R-04 Spiketastic Seven,1,3,0,-28.0,R,4,20,0,-93.0,Fall,6
762,10-17-2025,R-03 Thunderballz,3,1,0,17.0,R,23,4,1,141.0,Fall,1
763,10-17-2025,R-02 Guardians of The Net,4,0,0,35.0,R,23,5,0,125.0,Fall,2
764,10-17-2025,R-06 Spike Men: Days of the Slay Past,2,2,0,-1.0,R,13,14,1,-13.0,Fall,3
765,10-17-2025,R-05 The PowerPass Girls,0,4,0,-30.0,R,10,18,0,-63.0,Fall,4
766,10-17-2025,R-01 Hulk-Smash,1,3,0,-16.0,R,8,20,0,-92.0,Fall,5
767,10-17-2025,R-04 Spiketastic Seven,2,2,0,-5.0,R,6,22,0,-98.0,Fall,6
768,10-24-2025,R-03 Thunderballz,4,0,0,17.0,R,27,4,1,158.0,Fall,1
769,10-24-2025,R-02 Guardians of The Net,2,2,0,12.0,R,25,7,0,137.0,Fall,2
770,10-24-2025,R-06 Spike Men: Days of the Slay Past,2,2,0,-3.0,R,15,16,1,-16.0,Fall,3
771,10-24-2025,R-05 The PowerPass Girls,2,2,0,3.0,R,12,20,0,-60.0,Fall,4
772,10-24-2025,R-01 Hulk-Smash,2,2,0,0.0,R,10,22,0,-92.0,Fall,5
773,10-24-2025,R-04 Spiketastic Seven,0,4,0,-29.0,R,6,26,0,-127.0,Fall,6
774,11-07-2025,R-03 Thunderballz,4,0,0,43.0,R,31,4,1,201.0,Fall,1
775,11-07-2025,R-02 Guardians of The Net,1,3,0,-12.0,R,26,10,0,125.0,Fall,2
776,11-07-2025,R-06 Spike Men: Days of the Slay Past,1,3,0,-31.0,R,16,19,1,-47.0,Fall,3
777,11-07-2025,R-05 The PowerPass Girls,3,1,0,23.0,R,15,21,0,-37.0,Fall,4
778,11-07-2025,R-01 Hulk-Smash,1,3,0,-18.0,R,11,25,0,-110.0,Fall,5
779,11-07-2025,R-04 Spiketastic Seven,2,2,0,-5.0,R,8,28,0,-132.0,Fall,6
780,11-14-2025,R-03 Thunderballz,3,1,0,-6.0,R,34,5,1,195.0,Fall,1
781,11-14-2025,R-02 Guardians of The Net,3,1,0,20.0,R,29,11,0,145.0,Fall,2
782,11-14-2025,R-05 The PowerPass Girls,3,1,0,10.0,R,18,22,0,-27.0,Fall,3
783,11-14-2025,R-06 Spike Men: Days of the Slay Past,1,3,0,-3.0,R,17,22,1,-50.0,Fall,4
784,11-14-2025,R-01 Hulk-Smash,2,2,0,9.0,R,13,27,0,-101.0,Fall,5
785,11-14-2025,R-04 Spiketastic Seven,0,4,0,-30.0,R,8,32,0,-162.0,Fall,6
786,11-21-2025,R-03 Thunderballz,2,2,0,-11.0,R,36,7,1,184.0,Fall,1
787,11-21-2025,R-02 Guardians of The Net,4,0,0,31.0,R,33,11,0,176.0,Fall,2
788,11-21-2025,R-06 Spike Men: Days of the Slay Past,4,0,0,17.0,R,21,22,1,-33.0,Fall,3
789,11-21-2025,R-05 The PowerPass Girls,0,4,0,-20.0,R,18,26,0,-47.0,Fall,4
790,11-21-2025,R-01 Hulk-Smash,0,4,0,-15.0,R,13,31,0,-116.0,Fall,5
791,11-21-2025,R-04 Spiketastic Seven,2,2,0,-2.0,R,10,34,0,-164.0,Fall,6
792,08-22-2025,S-08 - Goldi-Blocks,4,0,0,39.0,S,4,0,0,39.0,Fall,1
793,08-22-2025,S-05 - The Prince And The Passer,4,0,0,24.0,S,4,0,0,24.0,Fall,2
794,08-22-2025,S-07 - The Blockyardigans,4,0,0,23.0,S,4,0,0,23.0,Fall,3
795,08-22-2025,S-15 - Green Eggs & Slam,3,1,0,17.0,S,3,1,0,17.0,Fall,4
796,08-22-2025,S-12 - Dragon Tales And Hits,3,1,0,15.0,S,3,1,0,15.0,Fall,5
797,08-22-2025,S-11 - Bumpty Dumpty v1,3,1,0,15.0,S,3,1,0,15.0,Fall,6
798,08-22-2025,S-01 - Duck Duck Ace,3,1,0,4.0,S,3,1,0,4.0,Fall,7
799,08-22-2025,S-18 - Six Blind Mice,2,1,1,11.0,S,2,1,1,11.0,Fall,8
800,08-22-2025,S-09 - Bibbidi Boppity Boom!,2,2,0,15.0,S,2,2,0,15.0,Fall,9
801,08-22-2025,S-13 - Block A Bye Baby,2,2,0,0.0,S,2,2,0,0.0,Fall,10
802,08-22-2025,S-14 - Slam I Am,2,2,0,-2.0,S,2,2,0,-2.0,Fall,11
803,08-22-2025,S-16 - If You Give A Mouse A Set,2,2,0,-5.0,S,2,2,0,-5.0,Fall,12
804,08-22-2025,S-10 - Bump-ty Dump-tys,1,3,0,-4.0,S,1,3,0,-4.0,Fall,13
805,08-22-2025,S-06 - Twinkerbells,0,3,1,-26.0,S,0,3,1,-26.0,Fall,14
806,08-22-2025,S-02 - Itsy Bitsy Spikers,0,4,0,-22.0,S,0,4,0,-22.0,Fall,15
807,08-22-2025,S-17 - Horton Hits A Shoot,0,4,0,-32.0,S,0,4,0,-32.0,Fall,16
808,08-22-2025,S-04 - Little Red Spikers,0,4,0,-34.0,S,0,4,0,-34.0,Fall,17
809,08-22-2025,S-03 - Not The Gumdrop Aces,0,4,0,-38.0,S,0,4,0,-38.0,Fall,18
810,09-05-2025,S-05 - The Prince And The Passer,4,0,0,26.0,S,8,0,0,50.0,Fall,1
811,09-05-2025,S-08 - Goldi-Blocks,3,1,0,7.0,S,7,1,0,46.0,Fall,2
812,09-05-2025,S-12 - Dragon Tales And Hits,4,0,0,25.0,S,7,1,0,40.0,Fall,3
813,09-05-2025,S-07 - The Blockyardigans,3,1,0,4.0,S,7,1,0,27.0,Fall,4
814,09-05-2025,S-09 - Bibbidi Boppity Boom!,3,1,0,20.0,S,5,3,0,35.0,Fall,5
815,09-05-2025,S-15 - Green Eggs & Slam,2,2,0,9.0,S,5,3,0,26.0,Fall,6
816,09-05-2025,S-16 - If You Give A Mouse A Set,3,1,0,2.0,S,5,3,0,-3.0,Fall,7
817,09-05-2025,S-13 - Block A Bye Baby,2,2,0,23.0,S,4,4,0,23.0,Fall,8
818,09-05-2025,S-01 - Duck Duck Ace,1,3,0,2.0,S,4,4,0,6.0,Fall,9
819,09-05-2025,S-11 - Bumpty Dumpty v1,1,3,0,-13.0,S,4,4,0,2.0,Fall,10
820,09-05-2025,S-10 - Bump-ty Dump-tys,2,2,0,4.0,S,3,5,0,0.0,Fall,11
821,09-05-2025,S-14 - Slam I Am,1,3,0,-16.0,S,3,5,0,-18.0,Fall,12
822,09-05-2025,S-04 - Little Red Spikers,3,1,0,12.0,S,3,5,0,-22.0,Fall,13
823,09-05-2025,S-18 - Six Blind Mice,0,4,0,-30.0,S,2,5,1,-19.0,Fall,14
824,09-05-2025,S-02 - Itsy Bitsy Spikers,2,2,0,11.0,S,2,6,0,-11.0,Fall,15
825,09-05-2025,S-06 - Twinkerbells,1,3,0,-27.0,S,1,6,1,-53.0,Fall,16
826,09-05-2025,S-03 - Not The Gumdrop Aces,1,3,0,-27.0,S,1,7,0,-65.0,Fall,17
827,09-05-2025,S-17 - Horton Hits A Shoot,0,4,0,-32.0,S,0,8,0,-64.0,Fall,18
828,09-12-2025,S-07 - The Blockyardigans,4,0,0,61.0,S,11,1,0,88.0,Fall,1
829,09-12-2025,S-05 - The Prince And The Passer,2,2,0,6.0,S,10,2,0,56.0,Fall,2
830,09-12-2025,S-08 - Goldi-Blocks,2,2,0,-7.0,S,9,3,0,39.0,Fall,3
831,09-12-2025,S-01 - Duck Duck Ace,4,0,0,52.0,S,8,4,0,58.0,Fall,4
832,09-12-2025,S-12 - Dragon Tales And Hits,1,3,0,1.0,S,8,4,0,41.0,Fall,5
833,09-12-2025,S-11 - Bumpty Dumpty v1,4,0,0,23.0,S,8,4,0,25.0,Fall,6
834,09-12-2025,S-04 - Little Red Spikers,4,0,0,20.0,S,7,5,0,-2.0,Fall,7
835,09-12-2025,S-13 - Block A Bye Baby,2,2,0,1.0,S,6,6,0,24.0,Fall,8
836,09-12-2025,S-02 - Itsy Bitsy Spikers,4,0,0,30.0,S,6,6,0,19.0,Fall,9
837,09-12-2025,S-09 - Bibbidi Boppity Boom!,1,3,0,-24.0,S,6,6,0,11.0,Fall,10
838,09-12-2025,S-15 - Green Eggs & Slam,1,3,0,-21.0,S,6,6,0,5.0,Fall,11
839,09-12-2025,S-16 - If You Give A Mouse A Set,1,3,0,-24.0,S,6,6,0,-27.0,Fall,12
840,09-12-2025,S-10 - Bump-ty Dump-tys,1,3,0,-9.0,S,4,8,0,-9.0,Fall,13
841,09-12-2025,S-18 - Six Blind Mice,1,3,0,-28.0,S,3,8,1,-47.0,Fall,14
842,09-12-2025,S-03 - Not The Gumdrop Aces,2,2,0,3.0,S,3,9,0,-62.0,Fall,15
843,09-12-2025,S-14 - Slam I Am,0,4,0,-100.0,S,3,9,0,-118.0,Fall,16
844,09-12-2025,S-17 - Horton Hits A Shoot,2,2,0,39.0,S,2,10,0,-25.0,Fall,17
845,09-12-2025,S-06 - Twinkerbells,0,4,0,-23.0,S,1,10,1,-76.0,Fall,18
846,09-19-2025,S-05 - The Prince And The Passer,3,1,0,37.0,S,13,3,0,93.0,Fall,1
847,09-19-2025,S-07 - The Blockyardigans,2,2,0,-10.0,S,13,3,0,78.0,Fall,2
848,09-19-2025,S-11 - Bumpty Dumpty v1,3,1,0,17.0,S,11,5,0,42.0,Fall,3
849,09-19-2025,S-01 - Duck Duck Ace,2,2,0,8.0,S,10,6,0,66.0,Fall,4
850,09-19-2025,S-08 - Goldi-Blocks,1,3,0,-6.0,S,10,6,0,33.0,Fall,5
851,09-19-2025,S-16 - If You Give A Mouse A Set,4,0,0,29.0,S,10,6,0,2.0,Fall,6
852,09-19-2025,S-12 - Dragon Tales And Hits,1,3,0,-6.0,S,9,7,0,35.0,Fall,7
853,09-19-2025,S-09 - Bibbidi Boppity Boom!,3,1,0,14.0,S,9,7,0,25.0,Fall,8
854,09-19-2025,S-04 - Little Red Spikers,2,2,0,-2.0,S,9,7,0,-4.0,Fall,9
855,09-19-2025,S-02 - Itsy Bitsy Spikers,2,1,1,8.0,S,8,7,1,27.0,Fall,10
856,09-19-2025,S-15 - Green Eggs & Slam,1,3,0,-23.0,S,7,9,0,-18.0,Fall,11
857,09-19-2025,S-13 - Block A Bye Baby,0,3,1,-22.0,S,6,9,1,2.0,Fall,12
858,09-19-2025,S-18 - Six Blind Mice,3,1,0,16.0,S,6,9,1,-31.0,Fall,13
859,09-19-2025,S-10 - Bump-ty Dump-tys,2,2,0,-1.0,S,6,10,0,-10.0,Fall,14
860,09-19-2025,S-03 - Not The Gumdrop Aces,2,2,0,-10.0,S,5,11,0,-72.0,Fall,15
861,09-19-2025,S-14 - Slam I Am,2,2,0,3.0,S,5,11,0,-115.0,Fall,16
862,09-19-2025,S-17 - Horton Hits A Shoot,1,3,0,-27.0,S,3,13,0,-52.0,Fall,17
863,09-19-2025,S-06 - Twinkerbells,1,3,0,-25.0,S,2,13,1,-101.0,Fall,18
864,09-26-2025,S-07 - The Blockyardigans,2,1,1,6.0,S,15,4,1,84.0,Fall,1
865,09-26-2025,S-05 - The Prince And The Passer,2,2,0,-18.0,S,15,5,0,75.0,Fall,2
866,09-26-2025,S-11 - Bumpty Dumpty v1,3,1,0,32.0,S,14,6,0,74.0,Fall,3
867,09-26-2025,S-08 - Goldi-Blocks,4,0,0,24.0,S,14,6,0,57.0,Fall,4
868,09-26-2025,S-01 - Duck Duck Ace,3,1,0,8.0,S,13,7,0,74.0,Fall,5
869,09-26-2025,S-12 - Dragon Tales And Hits,4,0,0,33.0,S,13,7,0,68.0,Fall,6
870,09-26-2025,S-09 - Bibbidi Boppity Boom!,3,1,0,23.0,S,12,8,0,48.0,Fall,7
871,09-26-2025,S-16 - If You Give A Mouse A Set,1,3,0,-32.0,S,11,9,0,-30.0,Fall,8
872,09-26-2025,S-02 - Itsy Bitsy Spikers,2,2,0,5.0,S,10,9,1,32.0,Fall,9
873,09-26-2025,S-04 - Little Red Spikers,1,3,0,-14.0,S,10,10,0,-18.0,Fall,10
874,09-26-2025,S-03 - Not The Gumdrop Aces,4,0,0,22.0,S,9,11,0,-50.0,Fall,11
875,09-26-2025,S-10 - Bump-ty Dump-tys,2,2,0,-11.0,S,8,12,0,-21.0,Fall,12
876,09-26-2025,S-13 - Block A Bye Baby,1,3,0,-16.0,S,7,12,1,-14.0,Fall,13
877,09-26-2025,S-15 - Green Eggs & Slam,0,3,1,-14.0,S,7,12,1,-32.0,Fall,14
878,09-26-2025,S-18 - Six Blind Mice,1,3,0,-6.0,S,7,12,1,-37.0,Fall,15
879,09-26-2025,S-14 - Slam I Am,2,2,0,9.0,S,7,13,0,-106.0,Fall,16
880,09-26-2025,S-17 - Horton Hits A Shoot,0,4,0,-38.0,S,3,17,0,-90.0,Fall,17
881,09-26-2025,S-06 - Twinkerbells,0,4,0,-13.0,S,2,17,1,-114.0,Fall,18
882,10-10-2025,S-07 - The Blockyardigans,3,1,0,10.0,S,18,5,1,94.0,Fall,1
883,10-10-2025,S-11 - Bumpty Dumpty v1,4,0,0,64.0,S,18,6,0,138.0,Fall,2
884,10-10-2025,S-05 - The Prince And The Passer,2,2,0,5.0,S,17,7,0,80.0,Fall,3
885,10-10-2025,S-01 - Duck Duck Ace,2,2,0,5.0,S,15,9,0,79.0,Fall,4
886,10-10-2025,S-12 - Dragon Tales And Hits,1,3,0,-9.0,S,14,10,0,59.0,Fall,5
887,10-10-2025,S-08 - Goldi-Blocks,0,4,0,-18.0,S,14,10,0,39.0,Fall,6
888,10-10-2025,S-09 - Bibbidi Boppity Boom!,2,2,0,-10.0,S,14,10,0,38.0,Fall,7
889,10-10-2025,S-16 - If You Give A Mouse A Set,3,1,0,19.0,S,14,10,0,-11.0,Fall,8
890,10-10-2025,S-02 - Itsy Bitsy Spikers,3,0,1,23.0,S,13,9,2,55.0,Fall,9
891,10-10-2025,S-04 - Little Red Spikers,2,2,0,-6.0,S,12,12,0,-24.0,Fall,10
892,10-10-2025,S-03 - Not The Gumdrop Aces,2,1,1,-5.0,S,11,12,1,-55.0,Fall,11
893,10-10-2025,S-15 - Green Eggs & Slam,3,1,0,6.0,S,10,13,1,-26.0,Fall,12
894,10-10-2025,S-10 - Bump-ty Dump-tys,2,2,0,-1.0,S,10,14,0,-22.0,Fall,13
895,10-10-2025,S-14 - Slam I Am,2,2,0,36.0,S,9,15,0,-70.0,Fall,14
896,10-10-2025,S-13 - Block A Bye Baby,1,3,0,0.0,S,8,15,1,-14.0,Fall,15
897,10-10-2025,S-18 - Six Blind Mice,0,4,0,-100.0,S,7,16,1,-137.0,Fall,16
898,10-10-2025,S-06 - Twinkerbells,2,2,0,-1.0,S,4,19,1,-115.0,Fall,17
899,10-10-2025,S-17 - Horton Hits A Shoot,1,3,0,-18.0,S,4,20,0,-108.0,Fall,18
900,10-17-2025,S-11 - Bumpty Dumpty v1,4,0,0,23.0,S,22,6,0,161.0,Fall,1
901,10-17-2025,S-07 - The Blockyardigans,2,2,0,5.0,S,20,7,1,99.0,Fall,2
902,10-17-2025,S-01 - Duck Duck Ace,3,0,1,24.0,S,18,9,1,103.0,Fall,3
903,10-17-2025,S-05 - The Prince And The Passer,1,3,0,-19.0,S,18,10,0,61.0,Fall,4
904,10-17-2025,S-02 - Itsy Bitsy Spikers,4,0,0,62.0,S,17,9,2,117.0,Fall,5
905,10-17-2025,S-09 - Bibbidi Boppity Boom!,3,0,1,16.0,S,17,10,1,54.0,Fall,6
906,10-17-2025,S-16 - If You Give A Mouse A Set,3,1,0,14.0,S,17,11,0,3.0,Fall,7
907,10-17-2025,S-08 - Goldi-Blocks,1,2,1,2.0,S,15,12,1,41.0,Fall,8
908,10-17-2025,S-12 - Dragon Tales And Hits,1,3,0,-13.0,S,15,13,0,46.0,Fall,9
909,10-17-2025,S-04 - Little Red Spikers,2,2,0,38.0,S,14,14,0,14.0,Fall,10
910,10-17-2025,S-03 - Not The Gumdrop Aces,1,3,0,-12.0,S,12,15,1,-67.0,Fall,11
911,10-17-2025,S-13 - Block A Bye Baby,3,1,0,24.0,S,11,16,1,10.0,Fall,12
912,10-17-2025,S-15 - Green Eggs & Slam,1,3,0,-10.0,S,11,16,1,-36.0,Fall,13
913,10-17-2025,S-10 - Bump-ty Dump-tys,1,3,0,-11.0,S,11,17,0,-33.0,Fall,14
914,10-17-2025,S-14 - Slam I Am,2,2,0,-11.0,S,11,17,0,-81.0,Fall,15
915,10-17-2025,S-18 - Six Blind Mice,0,4,0,-100.0,S,7,20,1,-237.0,Fall,16
916,10-17-2025,S-06 - Twinkerbells,1,2,1,-6.0,S,5,21,2,-121.0,Fall,17
917,10-17-2025,S-17 - Horton Hits A Shoot,1,3,0,-26.0,S,5,23,0,-134.0,Fall,18
918,10-24-2025,S-11 - Bumpty Dumpty v1,2,2,0,16.0,S,24,8,0,177.0,Fall,1
919,10-24-2025,S-05 - The Prince And The Passer,4,0,0,45.0,S,22,10,0,106.0,Fall,2
920,10-24-2025,S-09 - Bibbidi Boppity Boom!,4,0,0,39.0,S,21,10,1,93.0,Fall,3
921,10-24-2025,S-02 - Itsy Bitsy Spikers,3,1,0,13.0,S,20,10,2,130.0,Fall,4
922,10-24-2025,S-01 - Duck Duck Ace,2,2,0,-4.0,S,20,11,1,99.0,Fall,5
923,10-24-2025,S-07 - The Blockyardigans,0,4,0,-27.0,S,20,11,1,72.0,Fall,6
924,10-24-2025,S-16 - If You Give A Mouse A Set,3,1,0,3.0,S,20,12,0,6.0,Fall,7
925,10-24-2025,S-08 - Goldi-Blocks,4,0,0,11.0,S,19,12,1,52.0,Fall,8
926,10-24-2025,S-12 - Dragon Tales And Hits,2,2,0,-1.0,S,17,15,0,45.0,Fall,9
927,10-24-2025,S-04 - Little Red Spikers,2,2,0,5.0,S,16,16,0,19.0,Fall,10
928,10-24-2025,S-14 - Slam I Am,3,1,0,13.0,S,14,18,0,-68.0,Fall,11
929,10-24-2025,S-15 - Green Eggs & Slam,2,2,0,-10.0,S,13,18,1,-46.0,Fall,12
930,10-24-2025,S-13 - Block A Bye Baby,1,2,1,-2.0,S,12,18,2,8.0,Fall,13
931,10-24-2025,S-10 - Bump-ty Dump-tys,1,2,1,-1.0,S,12,19,1,-34.0,Fall,14
932,10-24-2025,S-03 - Not The Gumdrop Aces,0,4,0,-35.0,S,12,19,1,-102.0,Fall,15
933,10-24-2025,S-18 - Six Blind Mice,1,3,0,-14.0,S,8,23,1,-251.0,Fall,16
934,10-24-2025,S-17 - Horton Hits A Shoot,1,3,0,-25.0,S,6,26,0,-159.0,Fall,17
935,10-24-2025,S-06 - Twinkerbells,0,4,0,-26.0,S,5,25,2,-147.0,Fall,18
936,11-07-2025,S-11 - Bumpty Dumpty v1,3,1,0,4.0,S,27,9,0,181.0,Fall,1
937,11-07-2025,S-05 - The Prince And The Passer,3,1,0,56.0,S,25,11,0,162.0,Fall,2
938,11-07-2025,S-02 - Itsy Bitsy Spikers,4,0,0,20.0,S,24,10,2,150.0,Fall,3
939,11-07-2025,S-09 - Bibbidi Boppity Boom!,2,2,0,-1.0,S,23,12,1,92.0,Fall,4
940,11-07-2025,S-16 - If You Give A Mouse A Set,3,1,0,17.0,S,23,13,0,23.0,Fall,5
941,11-07-2025,S-07 - The Blockyardigans,2,2,0,0.0,S,22,13,1,72.0,Fall,6
942,11-07-2025,S-01 - Duck Duck Ace,0,4,0,-20.0,S,20,15,1,79.0,Fall,7
943,11-07-2025,S-08 - Goldi-Blocks,1,3,0,-18.0,S,20,15,1,34.0,Fall,8
944,11-07-2025,S-12 - Dragon Tales And Hits,3,1,0,44.0,S,20,16,0,89.0,Fall,9
945,11-07-2025,S-04 - Little Red Spikers,3,1,0,20.0,S,19,17,0,39.0,Fall,10
946,11-07-2025,S-15 - Green Eggs & Slam,4,0,0,57.0,S,17,18,1,11.0,Fall,11
947,11-07-2025,S-14 - Slam I Am,3,1,0,5.0,S,17,19,0,-63.0,Fall,12
948,11-07-2025,S-10 - Bump-ty Dump-tys,3,1,0,19.0,S,15,20,1,-15.0,Fall,13
949,11-07-2025,S-13 - Block A Bye Baby,0,4,0,-24.0,S,12,22,2,-16.0,Fall,14
950,11-07-2025,S-03 - Not The Gumdrop Aces,0,4,0,-22.0,S,12,23,1,-124.0,Fall,15
951,11-07-2025,S-18 - Six Blind Mice,0,4,0,-100.0,S,8,27,1,-351.0,Fall,16
952,11-07-2025,S-17 - Horton Hits A Shoot,2,2,0,43.0,S,8,28,0,-116.0,Fall,17
953,11-07-2025,S-06 - Twinkerbells,0,4,0,-100.0,S,5,29,2,-247.0,Fall,18
954,11-14-2025,S-11 - Bumpty Dumpty v1,2,2,0,2.0,S,29,11,0,183.0,Fall,1
955,11-14-2025,S-05 - The Prince And The Passer,2,2,0,-5.0,S,27,13,0,157.0,Fall,2
956,11-14-2025,S-09 - Bibbidi Boppity Boom!,3,1,0,26.0,S,26,13,1,118.0,Fall,3
957,11-14-2025,S-07 - The Blockyardigans,4,0,0,26.0,S,26,13,1,98.0,Fall,4
958,11-14-2025,S-02 - Itsy Bitsy Spikers,1,3,0,-13.0,S,25,13,2,137.0,Fall,5
959,11-14-2025,S-16 - If You Give A Mouse A Set,1,3,0,0.0,S,24,16,0,23.0,Fall,6
960,11-14-2025,S-08 - Goldi-Blocks,3,1,0,13.0,S,23,16,1,47.0,Fall,7
961,11-14-2025,S-01 - Duck Duck Ace,2,2,0,2.0,S,22,17,1,81.0,Fall,8
962,11-14-2025,S-12 - Dragon Tales And Hits,2,2,0,-1.0,S,22,18,0,88.0,Fall,9
963,11-14-2025,S-14 - Slam I Am,4,0,0,53.0,S,21,19,0,-10.0,Fall,10
964,11-14-2025,S-04 - Little Red Spikers,1,3,0,-12.0,S,20,20,0,27.0,Fall,11
965,11-14-2025,S-10 - Bump-ty Dump-tys,4,0,0,34.0,S,19,20,1,19.0,Fall,12
966,11-14-2025,S-15 - Green Eggs & Slam,0,4,0,-28.0,S,17,22,1,-17.0,Fall,13
967,11-14-2025,S-13 - Block A Bye Baby,3,1,0,5.0,S,15,23,2,-11.0,Fall,14
968,11-14-2025,S-03 - Not The Gumdrop Aces,2,2,0,47.0,S,14,25,1,-77.0,Fall,15
969,11-14-2025,S-18 - Six Blind Mice,0,4,0,-100.0,S,8,31,1,-451.0,Fall,16
970,11-14-2025,S-17 - Horton Hits A Shoot,0,4,0,-36.0,S,8,32,0,-152.0,Fall,17
971,11-14-2025,S-06 - Twinkerbells,2,2,0,-13.0,S,7,31,2,-260.0,Fall,18
972,11-21-2025,S-11 - Bumpty Dumpty v1,3,1,0,20.0,S,32,12,0,203.0,Fall,1
973,11-21-2025,S-02 - Itsy Bitsy Spikers,4,0,0,9.0,S,29,13,2,146.0,Fall,2
974,11-21-2025,S-07 - The Blockyardigans,3,1,0,8.0,S,29,14,1,106.0,Fall,3
975,11-21-2025,S-05 - The Prince And The Passer,2,2,0,7.0,S,29,15,0,164.0,Fall,4
976,11-21-2025,S-09 - Bibbidi Boppity Boom!,1,3,0,-21.0,S,27,16,1,97.0,Fall,5
977,11-21-2025,S-16 - If You Give A Mouse A Set,2,2,0,1.0,S,26,18,0,24.0,Fall,6
978,11-21-2025,S-08 - Goldi-Blocks,2,2,0,-4.0,S,25,18,1,43.0,Fall,7
979,11-21-2025,S-14 - Slam I Am,4,0,0,16.0,S,25,19,0,6.0,Fall,8
980,11-21-2025,S-01 - Duck Duck Ace,2,2,0,5.0,S,24,19,1,86.0,Fall,9
981,11-21-2025,S-12 - Dragon Tales And Hits,1,3,0,-13.0,S,23,21,0,75.0,Fall,10
982,11-21-2025,S-04 - Little Red Spikers,3,1,0,14.0,S,23,21,0,41.0,Fall,11
983,11-21-2025,S-10 - Bump-ty Dump-tys,3,1,0,6.0,S,22,21,1,25.0,Fall,12
984,11-21-2025,S-15 - Green Eggs & Slam,2,2,0,-9.0,S,19,24,1,-26.0,Fall,13
985,11-21-2025,S-13 - Block A Bye Baby,3,1,0,20.0,S,18,24,2,9.0,Fall,14
986,11-21-2025,S-03 - Not The Gumdrop Aces,0,4,0,-22.0,S,14,29,1,-99.0,Fall,15
987,11-21-2025,S-17 - Horton Hits A Shoot,1,3,0,-16.0,S,9,35,0,-168.0,Fall,16
988,11-21-2025,S-18 - Six Blind Mice,0,4,0,0.0,S,8,35,1,-451.0,Fall,17
989,11-21-2025,S-06 - Twinkerbells,0,4,0,-21.0,S,7,35,2,-281.0,Fall,18
990,01-30-2026,A-08,4,0,0,38.0,A,4,0,0,38.0,Spring,1
991,01-30-2026,A-16,4,0,0,8.0,A,4,0,0,8.0,Spring,2
992,01-30-2026,A-07,3,1,0,15.0,A,3,1,0,15.0,Spring,3
993,01-30-2026,A-14,3,1,0,9.0,A,3,1,0,9.0,Spring,4
994,01-30-2026,A-18,3,1,0,6.0,A,3,1,0,6.0,Spring,5
995,01-30-2026,A-02,2,1,1,17.0,A,2,1,1,17.0,Spring,6
996,01-30-2026,A-04,2,1,1,6.0,A,2,1,1,6.0,Spring,7
997,01-30-2026,A-01,2,1,1,4.0,A,2,1,1,4.0,Spring,8
998,01-30-2026,A-05,2,2,0,7.0,A,2,2,0,7.0,Spring,9
999,01-30-2026,A-03,2,2,0,-4.0,A,2,2,0,-4.0,Spring,10
1000,01-30-2026,A-11,2,2,0,-13.0,A,2,2,0,-13.0,Spring,11
1001,01-30-2026,A-13,1,3,0,-1.0,A,1,3,0,-1.0,Spring,12
1002,01-30-2026,A-10,1,3,0,-7.0,A,1,3,0,-7.0,Spring,13
1003,01-30-2026,A-15,1,3,0,-11.0,A,1,3,0,-11.0,Spring,14
1004,01-30-2026,A-06,1,3,0,-13.0,A,1,3,0,-13.0,Spring,15
1005,01-30-2026,A-09,1,3,0,-21.0,A,1,3,0,-21.0,Spring,16
1006,01-30-2026,A-17,0,3,1,-15.0,A,0,3,1,-15.0,Spring,17
1007,01-30-2026,A-12,0,4,0,-25.0,A,0,4,0,-25.0,Spring,18
1008,01-30-2026,"C-03 Sugar, Spike and",4,0,0,30.0,C,4,0,0,30.0,Spring,1
1009,01-30-2026,C-05 Dragon Ballz Deep,3,1,0,24.0,C,3,1,0,24.0,Spring,2
1010,01-30-2026,C-17 Scooby Do Me,3,1,0,19.0,C,3,1,0,19.0,Spring,3
1011,01-30-2026,C-01 Avatar: Net Benders,3,1,0,12.0,C,3,1,0,12.0,Spring,4
1012,01-30-2026,C-06 SpongeBall Spikepants,3,1,0,12.0,C,3,1,0,12.0,Spring,5
1013,01-30-2026,C-14 Diva Slayers,3,1,0,9.0,C,3,1,0,9.0,Spring,6
1014,01-30-2026,C-11 Trans Performers,3,1,0,5.0,C,3,1,0,5.0,Spring,7
1015,01-30-2026,"C-02 Ed, Edd n Edging!",2,2,0,7.0,C,2,2,0,7.0,Spring,8
1016,01-30-2026,C-13 Thunder Kills,2,2,0,5.0,C,2,2,0,5.0,Spring,9
1017,01-30-2026,C-07 Sailor Spikers,2,2,0,5.0,C,2,2,0,5.0,Spring,10
1018,01-30-2026,C-16 The IncrediBalls,2,2,0,0.0,C,2,2,0,0.0,Spring,11
1019,01-30-2026,C-12 The Magic Spikebus,2,2,0,-1.0,C,2,2,0,-1.0,Spring,12
1020,01-30-2026,C-10 Courage the Cowardly Dig,2,2,0,-5.0,C,2,2,0,-5.0,Spring,13
1021,01-30-2026,C-08 Blocker's Home for Unimaginative Hitters,1,3,0,-4.0,C,1,3,0,-4.0,Spring,14
1022,01-30-2026,C-09 The Netsons,1,3,0,-19.0,C,1,3,0,-19.0,Spring,15
1023,01-30-2026,C-04 Peppa Dig,0,4,0,-28.0,C,0,4,0,-28.0,Spring,16
1024,01-30-2026,C-15 Powerpuff Passers,0,4,0,-35.0,C,0,4,0,-35.0,Spring,17
1025,01-30-2026,C-18 Straw Hat Striker,0,4,0,-36.0,C,0,4,0,-36.0,Spring,18
1026,01-30-2026,E-04-Pump & Dump,4,0,0,16.0,E,4,0,0,16.0,Spring,1
1027,01-30-2026,E-06-Kegel Crushers,3,1,0,9.0,E,3,1,0,9.0,Spring,2
1028,01-30-2026,E-03,2,2,0,8.0,E,2,2,0,8.0,Spring,3
1029,01-30-2026,"E-05-Spot Me Outside, How Bout That",2,2,0,0.0,E,2,2,0,0.0,Spring,4
1030,01-30-2026,E-02-Pull Up (But Don’t Pull Out),1,3,0,-17.0,E,1,3,0,-17.0,Spring,5
1031,01-30-2026,E-01-Squatty Hawties,0,4,0,-16.0,E,0,4,0,-16.0,Spring,6
1032,01-30-2026,I-08 Street Spikers,4,0,0,14.0,I,4,0,0,14.0,Spring,1
1033,01-30-2026,I-02 Rainbow Road Runners,3,1,0,26.0,I,3,1,0,26.0,Spring,2
1034,01-30-2026,I-03 Super Sets Bros,3,1,0,12.0,I,3,1,0,12.0,Spring,3
1035,01-30-2026,I-10 Volley pong,3,1,0,8.0,I,3,1,0,8.0,Spring,4
1036,01-30-2026,I-07 Ace Invaders,3,1,0,8.0,I,3,1,0,8.0,Spring,5
1037,01-30-2026,I-14 Super Spike Bros,2,2,0,18.0,I,2,2,0,18.0,Spring,6
1038,01-30-2026,I-06 Spyro Spikers,2,2,0,2.0,I,2,2,0,2.0,Spring,7
1039,01-30-2026,I-15 Waka Waka,2,2,0,-6.0,I,2,2,0,-6.0,Spring,8
1040,01-30-2026,I-13 Play Station Spikers,2,2,0,-10.0,I,2,2,0,-10.0,Spring,9
1041,01-30-2026,I-11 Kirby s Dream Spikers,1,3,0,6.0,I,1,3,0,6.0,Spring,10
1042,01-30-2026,I-09 Super Smash Serves,1,3,0,-6.0,I,1,3,0,-6.0,Spring,11
1043,01-30-2026,I-05 It's On Like Donkey Kong,1,3,0,-10.0,I,1,3,0,-10.0,Spring,12
1044,01-30-2026,I-04 Hyrule Hitters,1,3,0,-16.0,I,1,3,0,-16.0,Spring,13
1045,01-30-2026,I-01 Slay Station,1,3,0,-20.0,I,1,3,0,-20.0,Spring,14
1046,01-30-2026,I-12 Arcade Spikers,1,3,0,-26.0,I,1,3,0,-26.0,Spring,15
1047,01-30-2026,P-07,4,0,0,41.0,P,4,0,0,41.0,Spring,1
1048,01-30-2026,P-09,3,1,0,23.0,P,3,1,0,23.0,Spring,2
1049,01-30-2026,P-06,3,1,0,20.0,P,3,1,0,20.0,Spring,3
1050,01-30-2026,P-08,3,1,0,17.0,P,3,1,0,17.0,Spring,4
1051,01-30-2026,P-05,2,2,0,1.0,P,2,2,0,1.0,Spring,5
1052,01-30-2026,P-02 Serve Me Daddy,1,3,0,-18.0,P,1,3,0,-18.0,Spring,6
1053,01-30-2026,P-04,1,3,0,-20.0,P,1,3,0,-20.0,Spring,7
1054,01-30-2026,P-01,1,3,0,-21.0,P,1,3,0,-21.0,Spring,8
1055,01-30-2026,P-03,0,4,0,-43.0,P,0,4,0,-43.0,Spring,9
1056,01-30-2026,R-07 Blockness Monsters,4,0,0,33.0,R,4,0,0,33.0,Spring,1
1057,01-30-2026,R-06 Pegasets,4,0,0,27.0,R,4,0,0,27.0,Spring,2
1058,01-30-2026,R-02 KrakenBalls,4,0,0,21.0,R,4,0,0,21.0,Spring,3
1059,01-30-2026,R-09 Volley Valkyries,2,2,0,11.0,R,2,2,0,11.0,Spring,4
1060,01-30-2026,R-08 Spikesus,2,2,0,-6.0,R,2,2,0,-6.0,Spring,5
1061,01-30-2026,R-03 Serverus,2,2,0,-12.0,R,2,2,0,-12.0,Spring,6
1062,01-30-2026,R-01 Dragon Slayers,0,4,0,-21.0,R,0,4,0,-21.0,Spring,7
1063,01-30-2026,R-04 Digfoot,0,4,0,-21.0,R,0,4,0,-21.0,Spring,8
1064,01-30-2026,R-05 Blockunawa,0,4,0,-32.0,R,0,4,0,-32.0,Spring,9
1065,01-30-2026,S-10 - Count Blockula,4,0,0,45.0,S,4,0,0,45.0,Spring,1
1066,01-30-2026,S-18 - Spike Krispies,4,0,0,16.0,S,4,0,0,16.0,Spring,2
1067,01-30-2026,S-15,3,1,0,31.0,S,3,1,0,31.0,Spring,3
1068,01-30-2026,S-09 - Honey Nut Cheeri-Hoes,3,1,0,14.0,S,3,1,0,14.0,Spring,4
1069,01-30-2026,S-04 - Sets With Me,3,1,0,13.0,S,3,1,0,13.0,Spring,5
1070,01-30-2026,S-08 - Cereal Killers,3,1,0,7.0,S,3,1,0,7.0,Spring,6
1071,01-30-2026,S-07,3,1,0,-5.0,S,3,1,0,-5.0,Spring,7
1072,01-30-2026,S-11 - Cap'n C*nt,2,2,0,14.0,S,2,2,0,14.0,Spring,8
1073,01-30-2026,S-06 - Frosted Freaks,2,2,0,11.0,S,2,2,0,11.0,Spring,9
1074,01-30-2026,S-14 - Chex Appeal,2,2,0,8.0,S,2,2,0,8.0,Spring,10
1075,01-30-2026,S-02 - I Write Sets Not Tragedies,2,2,0,1.0,S,2,2,0,1.0,Spring,11
1076,01-30-2026,S-16,2,2,0,-14.0,S,2,2,0,-14.0,Spring,12
1077,01-30-2026,S-01,1,3,0,-15.0,S,1,3,0,-15.0,Spring,13
1078,01-30-2026,S-12,1,3,0,-21.0,S,1,3,0,-21.0,Spring,14
1079,01-30-2026,S-17,1,3,0,-21.0,S,1,3,0,-21.0,Spring,15
1080,01-30-2026,S-03,0,4,0,-26.0,S,0,4,0,-26.0,Spring,16
1081,01-30-2026,S-05,0,4,0,-27.0,S,0,4,0,-27.0,Spring,17
1082,01-30-2026,S-13 - Ace Krispies,0,4,0,-31.0,S,0,4,0,-31.0,Spring,18
